018ef222-6945-4a6d-b509-89e97ead1911,rhy
031307a2-0227-418b-bb65-5d477c8366ab,rhy
0591d9eb-d33a-4cfe-9c36-2297fec3819d,rhy
0acb4f9e-146c-4f77-9dac-710ea35d4e2f,rhy
0ebc4262-66ad-4718-96b7-bd157ec0ead1,rhy
0ee97930-7f37-485d-a233-eafd43699f48,rhy
136bea42-0e24-48ee-b9c3-c6dac71988d1,rhy
1c09f4d6-d800-46e0-bb1a-e3245b65392e,rhy
1c9e38ae-ab18-4bb2-b43d-ece573e9f2fb,rhy
1db4da7d-6d21-4914-a8be-9f23d1bdbd0e,rhy
1f5918cb-462d-4964-b49e-ccf3155a8c62,rhy
22641512-66e0-47e0-ad15-1036b62f1644,rhy
231ece18-9a99-464c-8854-aef82fbddb89,rhy
24e1eceb-ea13-4152-aaa1-c291de757cc8,rhy
284a8543-03dc-4baa-8bfb-37fc522f0188,rhy
2c7d8bf6-26f0-4072-ab18-53831595593f,rhy
3ba18ef5-0971-4b20-8cdb-f923870221a0,rhy
414490c2-d64f-444b-8b21-5446628a4498,rhy
479e314a-1953-46e6-a14c-dce3de98ec36,rhy
5aed9e11-dc56-4b49-ae38-869a59d176ff,rhy
604b506b-ea3c-4b7a-8c18-8498312e4df4,rhy
60829419-2225-44b6-bcd2-33f9abca0d57,rhy
60b5a2ff-0634-4250-9099-d00d0cf9b13b,rhy
60d9a165-e312-4e48-b9a8-b3f3df69eb7b,rhy
61d10063-9441-41d7-9be1-b15b3a3c3f7c,rhy
6e07d14b-c637-4b0b-92cf-8722bb724692,rhy
7e68b08f-b331-49da-86e9-c71901c23704,rhy
83c5fcc1-5b2e-49d6-8150-00c7961152cd,rhy
8746a53a-90bb-47d6-aa1a-afb06ed86edf,rhy
8c3714d2-3213-433b-9a50-6c8a6c5f9672,rhy
9bf93db4-23b4-4028-bd85-7b3292a4e89e,rhy
aae3644b-53c1-4927-9897-7ccde731c748,rhy
baebcda5-1db6-4888-a650-38d0f4a9e035,rhy
bd7000f6-beeb-4ede-8c95-48c719c4f61a,rhy
bf3ab93b-5bb7-401a-b16e-f91730b6bd2e,rhy
c26f3e81-bb9d-4094-9619-642d8c25d50e,rhy
c806d486-5a14-4bf5-b3f7-aa71eb445d83,rhy
cf6c4727-4e36-4b77-96e0-67f17a1a3d6c,rhy
d2115479-cbbc-453c-8c1b-47273bfc01b5,rhy
d6728398-fa57-4249-b86f-0ef075261d53,rhy
d778585c-18bf-4423-b9f7-3797e0cbdc69,rhy
db8ba298-de10-4842-9ae3-7184b33b7eeb,rhy
dd0e2f1f-e45d-4440-9fde-30c5d3d713ab,rhy
e3ad2d16-6296-483f-be3f-00dbf98263fd,rhy
e41fd310-657f-4198-86f6-3590b4f844fc,rhy
ea496df4-7a70-41a6-ba65-f4cccb355f35,rhy
f071123b-62d9-45d5-88c1-c7c52ef9c3d7,rhy
fd18d79b-6a95-4d30-87e8-48af204d49e5,rhy
fd9fdbce-8e1e-40e5-9a9b-22b6e659f631,rhy
021ecaac-d724-4161-aa44-478dabd397c6,hip
02bf11dc-b2ef-44ee-bfae-da2294723c55,hip
098fa08f-13c0-4612-a815-8d6c3d4bd1f7,hip
102cad7c-b1c9-4cd5-b77e-50be50028a91,hip
13e11b20-a077-42d8-8580-d6776e3ec729,hip
1b844bdc-ef43-4c00-9b8e-1ddee369cb1b,hip
1e0628b1-d79e-4d3a-9765-03dd603d49df,hip
22eff219-9b13-4616-9bc5-958f8b2b225d,hip
24160a3e-e3e2-4221-bf8e-657f82c7ce03,hip
26ad9936-6b12-4b4f-8090-74109435a77d,hip
2f7a6735-2e09-4ce2-81e4-b148e6c39a55,hip
31efb7b3-3357-4d88-a16a-0cf2c78610b8,hip
3a75e042-b7a1-40dc-a111-d31dce0e3e56,hip
46919d36-ca3d-4196-be75-f2391188d3a3,hip
475e675d-0297-459c-9e40-0c3afa0cfcb4,hip
50244a67-3d49-47e9-96e8-3df97b4ec346,hip
5d714053-8e86-42e9-aa70-5bbf22a44a12,hip
5e8f6d35-6977-470c-b5fe-5db34047ba78,hip
67e30f3a-ed09-4baa-9b9f-0da985a25984,hip
67ef5277-772e-4e5f-9e52-befa3b542b15,hip
6d2ed37e-d3ac-4c05-b94b-a1b05bcd1f23,hip
77ff8e88-66b6-4089-afbb-3b6e7691796d,hip
845220d1-b6c3-4090-83df-a215b752b355,hip
85f46a94-13e7-4e20-ab99-2170124f97d7,hip
85fd26d3-c92f-40c1-8d9d-169ddc7ca1ab,hip
888da20d-182b-466f-a166-df6f4b4962b0,hip
89205000-8dcd-45e0-a0e0-0a41b49cb362,hip
93f21835-3987-4b06-8027-e3540300884d,hip
9e5e9db5-a274-4872-b4c2-7a0543c91f2b,hip
9f1b66c6-54a6-4d7e-954c-57ac976b0081,hip
ac06d58a-b420-44ea-9b3f-44762b1fc6e7,hip
b731e5e8-e6ea-46a5-9559-a4bc704c639c,hip
bb51741e-16e1-43f2-a2a2-0aed1b2a039f,hip
c0ae519c-6324-45d9-b231-ef6e14a3fbb5,hip
c11d73ac-190f-4a4e-ba0f-105d8c1ef29c,hip
c856c7ce-e526-4b4b-b06e-eb707c39203a,hip
cd5e7eb6-e7bd-42e2-823b-6e0f467f84bf,hip
ce79b1cf-4ca8-4393-8727-4ca1525af693,hip
d1bd876b-eb18-4092-b901-6b3560224f48,hip
d5de6e90-d2ba-4541-b275-1bad980fb280,hip
d5f024fe-7944-4e76-99ce-68cd07a4c4b2,hip
dff882a8-a8c9-4d38-8ea9-1c978713027f,hip
edb2f3f1-9cfa-4d70-8be0-3c78da2c7b65,hip
f4b9b37e-7c7d-4990-ad91-e1f1c60bb285,hip
f5a66ea2-5122-4ce3-a71e-ef68240c1488,hip
f65c85af-84b6-4f81-91a0-4a2ff415e718,hip
fb38ea92-5972-4c1f-8cfd-c3bd8634adef,hip
ff86f0b0-fdd9-4c62-b343-50afd140cb0f,hip
08fadcb0-094c-45fb-a807-a429ff41ea6b,jaz
13791805-f7f5-4f7f-afc1-d7349d297b74,jaz
1ae7f590-0832-4485-9b50-598aa5b42ec4,jaz
20f44e6b-ef2f-49a9-b974-c90fbc477a99,jaz
2682c7f4-450b-464a-8b43-43574f79200f,jaz
26a55082-7fc4-453b-96ac-53f347de947c,jaz
28a50ed4-0300-4470-9d33-e6fd524373e6,jaz
38554094-030a-44f2-bdc4-fb02aaa42239,jaz
3be918bb-a52d-4300-b75c-5dfa9b293537,jaz
3fe0e3c6-9455-4880-9955-8566cd787f25,jaz
50a5a4d4-f8dd-49fd-ab95-6d57f88cacb4,jaz
59409664-3c3b-4cb6-825c-5c29d9c39a02,jaz
682aa05c-5f95-4128-9623-4c15c5d15d52,jaz
7b32d216-38d3-4658-ac17-b956e6306198,jaz
8696eadd-6cc5-4c27-b614-6c5ff9ee6493,jaz
8896fe37-4af9-446c-91fe-a51c5e5c2ed4,jaz
8dd10980-4925-4c08-a2a5-e1be809a4946,jaz
8f774477-dc2c-4305-a3a4-4ceae4d3caa0,jaz
911712d6-12cd-495e-8e7b-38245ffe13b3,jaz
9c58831a-a92b-4a72-99ff-d33eb7ff5c69,jaz
a15160d0-f83a-4488-9fca-6b3559fe72ed,jaz
abfde391-1c96-4a93-8dab-dd1b8769fb04,jaz
bab92fd0-5da6-420e-8b91-d3216fe37e29,jaz
bafa7170-9443-40a8-b7d5-1ac6244e5e16,jaz
c86d4d5d-8666-470e-bc9c-24e5a233f83c,jaz
cc23e9e0-228f-4794-9e6f-9e1ca0530f4d,jaz
cda51e0d-dd5f-436a-8abc-b1baee29ea5d,jaz
d098cf9e-48c0-409e-9791-e6742b49ac65,jaz
d57d5ea1-8246-4fb8-97a8-4e03141c4bfa,jaz
e64b0bda-077c-4f29-bf63-3a555f2f547b,jaz
f4623679-68b8-4f14-85bc-57d1d8f4ae3c,jaz
f4a927b8-fd00-4551-96d6-580d437557d6,jaz
f61820b8-7dc4-4989-8f37-1faca38bc691,jaz
f885ada1-d084-47e7-8374-e4217a8fa794,jaz
05aab037-e9df-4a8e-a441-ec0b9da13167,dan
0e10d40d-0ade-482b-aa9b-3061fa63464c,dan
179fcd9a-bdbe-4d98-82d1-4dd7429ab528,dan
24e0c71a-097a-4b02-9caf-b5dda66e3d48,dan
3647f2e0-4d38-40d0-b054-2e6f30e8d0a4,dan
365ae1e3-cd78-4d73-a859-c1bd2a62fed8,dan
3754f134-a2a8-4154-96db-4461105a62e6,dan
37f23153-a719-4763-86f8-632318f48435,dan
382ab17d-95c2-410a-b999-50c8ea1f2b86,dan
39f1ad97-87d2-4e13-bb9b-66d538e89ce5,dan
3c3d0bb4-5953-41fe-81fe-8f44120617a5,dan
42859686-fdd6-4cec-8e7c-367e5d3b9651,dan
4d7927eb-eda4-4f3a-a616-15496324e9b6,dan
5394420d-1369-4e67-9d26-8dfcccb7762d,dan
55528bd6-38bf-4ddc-a822-90097b12b75b,dan
5af419eb-d9b3-486e-9f42-d702ad141e36,dan
5d85f277-74ef-43fa-bb45-3dc4374cbf75,dan
63be2aac-ec76-4f8b-a2db-c1da25e2f837,dan
6626913d-73fb-4f57-9282-e340328f34ea,dan
6730d7b7-7ca8-410e-b9c7-46fd2016a4fc,dan
67fe11b3-b0dd-4f2b-a5bb-d422afd438ea,dan
69691535-cee4-4f06-960a-9dacdc758c6d,dan
71612b22-dd42-497b-99eb-be5cab3ed7c3,dan
7db1a503-386b-4f70-b2c7-ffd3c381fd08,dan
87fa73f7-1b5b-4bf5-8cbc-cc9567841ad8,dan
8bd49a19-43fd-4153-853e-a3b8c473cecf,dan
8e06884a-1202-43bf-9f22-27d2dc32033a,dan
9a70f321-d270-473c-8f9f-faf255b91b9f,dan
9b2e2869-3867-48f1-b709-ec55d7dfbccf,dan
a00d2698-6049-4dc7-9e1a-825f10f9f6c5,dan
a833cfea-589e-4b64-91ca-20d28611e5ee,dan
aa08583c-100f-4448-b068-cdb254ea05ff,dan
b4b4191c-6e41-46c4-b864-7560e2e334ed,dan
b7606d2a-a546-4275-b53d-04703efd29a7,dan
b7db062a-772a-4303-85ce-ca407c86e6b8,dan
b88c0a2b-ea22-45ae-93f7-618b0f8765bd,dan
d4275e48-788b-402c-a61b-dc6f7f8d7e31,dan
d7de2566-7973-4039-a73f-263befbbac52,dan
de5e0351-a0d4-40d7-b0f6-fc2590e6f9cd,dan
e90ac00a-f7a7-433b-afe4-8f452d917332,dan
f0569e31-043e-4ce2-be21-cda41112b780,dan
f0fc51ca-ae1d-488e-8572-ed408fe0c497,dan
f87ff202-f49d-4b8a-af87-5967a93f407f,dan
fda19af1-1a41-4dc2-9469-07953b97f2d1,dan
06ec76f2-2ea4-478e-a4b7-c31c4545b57b,roc
15c98856-22ef-445c-add0-ed3ee49a0c2f,roc
1b055a51-eac1-4b06-a28f-d0b8c7a5e65a,roc
1c398e28-a63d-4c25-813b-ef9a96aadacb,roc
1d16d24f-6480-45b8-86ad-3cc9591769b3,roc
1d185361-aea5-417b-84d9-34c47c4dab16,roc
2430a1ca-f891-43d6-a2f2-0a530239d004,roc
25b32408-1077-42b8-8cf3-b80686e11413,roc
2b925fef-9ea4-47cc-8265-316bbfcec766,roc
2c88a3bc-9d4b-4333-8a32-9833a2f9e9cb,roc
2e39672b-b813-4a39-8c4f-3ba24bc87324,roc
2fb58cf8-1223-44e6-a150-02f56454b18f,roc
36dfd23f-b598-4d9f-8698-3bd90486a170,roc
3a880eba-3f5a-4618-9b45-51ecdfe26255,roc
3b347cb5-ce64-4382-8050-4977b9909e2e,roc
3d3736ba-031d-4afd-8ba0-9982f5809766,roc
45294873-f340-4172-ada4-a1b2a9ed055d,roc
4cca5922-97ed-4f3d-aa07-5e559d91ba71,roc
53c6c722-17ee-4464-8fc0-12237d4a748a,roc
5d789be8-fedf-4ddb-a429-0977731fb9ab,roc
69ac6d7a-8134-4b76-b7e2-40e13606da7d,roc
6b73247e-55fc-4d2c-ae5c-9e8273842111,roc
78b561ae-475d-41f7-b804-ee65a7ec73c0,roc
85ef110d-3b52-4f1f-abb8-c7a70dbf31b3,roc
886c0641-b2c7-403e-9038-ec87347b318d,roc
89eb636d-0f7a-4c91-a488-65f5e0c87a51,roc
8cfa0138-1585-4fde-970a-c774ba961e7a,roc
9160e42b-8fae-402d-9cee-d6826c5cce33,roc
936ada8f-1311-4320-95f1-4a0d91707818,roc
a1bf2049-095f-4fe1-b428-4178ead6595c,roc
a8bbd2ff-dbd7-4624-b837-f7f2b5c096b3,roc
a90342c2-b2e3-4b05-9dac-d79c0393ca9d,roc
af3f426f-db2a-4d72-8ec1-e6c28d0314b7,roc
b094eac1-8d8b-463f-8fbf-c76ea089559c,roc
b7b9110c-a109-42d6-b94d-b7d3cc4cd4fb,roc
c8ecea4a-b955-416d-866b-c218a73fa588,roc
d48521c6-915c-4da7-bc07-49dd86271de4,roc
d4cc6edf-d9aa-4e2b-af2d-208ca78845fd,roc
d75cb140-b149-45b2-9f99-d874d79fc7f8,roc
d95aa625-a8af-4a2b-907b-15a850c282f7,roc
dc38288a-8a6f-4f44-aa35-a79c517f8462,roc
df309447-7daf-412f-b878-92d2577c4b26,roc
e348a863-db3c-4123-a69e-ce268db4c6e3,roc
e780824f-160b-4361-b577-08094de804c0,roc
e8ea0931-28b9-416b-a41c-d0629b8604aa,roc
f63baac8-97fc-4166-b41b-0094524f0454,roc
f8aa9493-e12d-4df2-8b13-28490174cb24,roc
fbb2d6eb-0a8b-4822-8e86-c5ed40a03fc7,roc
ff9f3e0c-8338-454f-bde4-0e3f7278a9d5,roc
05df20c8-a2df-4c1c-8403-fc41d8e59cfb,cla
0aedb091-ea32-465f-bc74-4d0d8ee6c2e6,cla
16a4e0c2-a71a-427e-8380-972f0f9e2144,cla
26435818-723d-47db-9372-18dd22a11d92,cla
3043241e-6c0d-4fc0-ac9b-9bcfcdc778c6,cla
314ad42a-b068-428d-83cb-b26b37a362ce,cla
329c8aef-bb83-41f3-b485-a9b7d69de3ab,cla
382a99b4-b163-4317-abdd-62c1b30eb004,cla
4003c01c-0b3c-4efd-bddf-49ddbd13ea06,cla
441969b6-b0b2-4893-a56b-d1ee59045bbb,cla
4edcc2a9-e0af-4adb-9264-85cf830f4188,cla
58cf413c-9ba9-4461-bbff-4202ca1c5a6d,cla
620f4c17-88dd-4441-a5b0-7edcb40d3995,cla
669cb641-6fcf-4241-96ee-f87429847cdc,cla
81626902-75ad-4b1b-9ebb-ab0ab29ccd89,cla
89773385-ed59-4b3b-bd74-9753e72dd652,cla
8e8cdd5d-7d50-4155-83f3-de88bbcf2d3c,cla
8f3a75fd-2248-495f-ab86-45c49fa95907,cla
a1e5baf8-92bd-402a-a0f0-a25a57f138c6,cla
a3109560-b27f-4354-a3ba-51f6a7ecd7db,cla
a91f5bec-403b-4803-8867-d261572c44a9,cla
abbfadba-8be9-4db3-98e1-18dba746b59b,cla
b20ded2f-2fd8-475c-a6dd-b2d464e7ee58,cla
b451adcc-3a32-47a0-ad94-561a9425107c,cla
b5964e4c-3718-4fbf-83f0-5d3ac17b17f8,cla
bbe87d76-de53-4004-8e41-d608d830603b,cla
cdc064ba-7c86-4c06-ac9e-e2586fdd1bed,cla
ce839226-1f83-4659-81c1-4de3b5e8b3f6,cla
d7a99407-4eb6-4bbc-a2a8-bc52ed3a6d23,cla
d9d7ca17-d6a1-4fb0-931f-1b18032b1c01,cla
e0699cd0-c168-486d-a18d-996edb50180b,cla
e15b5d86-61f0-4bd1-8c66-c537b54af946,cla
e55c77f1-8422-4729-8c06-a080573cc39e,cla
f1ad1193-f45e-4a87-b7b4-f28c83008330,cla
f4077f86-590f-45e8-93e9-c732bbe3d1a1,cla
f77c5ef2-6c69-45d6-b7ad-ce1fba304494,cla
051d2e23-ad32-4344-a074-d70d11bd4d18,pop
0ed9c6c8-e82d-42de-8f47-1af1703173d4,pop
0f631ef6-f23c-4fdb-b8bb-0971cfd6e818,pop
13f1c2ac-9ebb-400c-9bff-8acfdd258cd5,pop
16607c57-cf1e-4f39-bd32-89a7c11c3456,pop
1f0add65-0096-43c2-a325-463fbc895c82,pop
2c33ff16-1d17-471e-a471-64f270831b59,pop
30e72c74-17fc-41a3-851f-5a44af8edb1c,pop
3156ff92-7e8f-4cd7-9ebc-b11b9373479b,pop
31983e10-822d-45c9-b88e-0736922b4694,pop
32bdeccc-2d20-424f-9cb0-423b8726715f,pop
47cb9daf-93b2-4594-a3a5-173d76557ca6,pop
4848e250-62d6-4dca-aa5c-4c28ea1a15f1,pop
53a7bf0b-6547-497e-a7b4-6bb01b6bd243,pop
579a08e9-92f5-450f-8257-234c00037947,pop
6c9a4c51-0dd1-4514-8dcc-aaa1bfca7aeb,pop
6db26227-e590-4569-bbdc-8573682fe7b6,pop
7801b304-165b-42ea-97c7-d5610fc568a4,pop
7a679f1c-3af4-4ecf-a68e-a6fd684d47c1,pop
7b4b1190-0cb8-4261-99d0-9744161d89f5,pop
80c78845-dcea-4b63-a327-0755c72d262d,pop
831e822e-2efc-4b84-8069-8ef872392573,pop
8881545d-bd37-447a-bcee-3faa1065b1da,pop
8f7ddfca-0405-4437-b079-34e2881c27cd,pop
940c722d-b810-4410-9324-595d8f57c438,pop
95b471ad-50cd-49d4-9f23-2735c7dc3fe5,pop
9e053fc9-6800-4946-8f52-3820774e8170,pop
acf0565d-e1c5-4bcb-9e2c-8a7c8fa23a7f,pop
b63563b1-7a69-4a86-8e01-f12836ea9ca1,pop
bb4b43c9-939c-46b0-aae8-a73bc0ebfcb9,pop
be03f2d6-6829-4f6d-8333-7cc449ffb868,pop
c818b7d9-c6db-438e-8e11-6e790f522101,pop
e2ce530f-c710-4376-91dd-9940ac902254,pop
e379ae89-0045-4fc4-b3ca-04a90d30e264,pop
e41b52b4-392f-4b40-b31b-c58e880dc9b9,pop
e51b3450-a205-453d-80af-8255efb13c73,pop
e9583b2c-6265-4d91-9685-4ab26dabafdc,pop
ea2c2607-f3b0-40c6-80a9-43ea35631f37,pop
eed67890-fb25-45ca-81a8-d17d21778313,pop
f1834333-101e-44ed-a38a-6a440141c0f8,pop
f2825725-2c19-4b95-a0a1-5859c59b1888,pop
fbe9ad8c-3a31-4b5a-9710-228b8c77907b,pop
fd4288f4-b584-45a2-9023-284f8a08b215,pop
fd5f21d1-ac28-494c-87d0-63387b2db466,pop
