title,artist,album,dance,genre,mood,timbre,instrumental,loudness,bpm
['El Majo Olvidado'],['Kim Kashkashian / Robert Levin'],['AsturianaSongs from Spain and Argentina'],"{'danceable': 0.00772218545899, 'not_danceable': 0.992277801037}","{'cla': 0.962229669094, 'dan': 0.000457028683741, 'hip': 0.00183246680535, 'jaz': 0.0322792083025, 'pop': 0.000355220312485, 'rhy': 0.00145981169771, 'roc': 0.000582756241783, 'spe': 0.000803849485237}","{'Cluster1': 0.0505191907287, 'Cluster2': 0.229904696345, 'Cluster3': 0.500016987324, 'Cluster4': 0.183133840561, 'Cluster5': 0.0364252962172}","{'bright': 0.658461689949, 'dark': 0.341538310051}","{'instrumental': 0.980484127998, 'voice': 0.0195158775896}",0.0835315585136,84.4965667725
['Les Programmeurs'],['Tri Yann'],['Café du Bon Coin'],"{'danceable': 0.63545781374, 'not_danceable': 0.36454218626}","{'cla': 0.0329187326133, 'dan': 0.0573521405458, 'hip': 0.162320315838, 'jaz': 0.087341748178, 'pop': 0.349094331264, 'rhy': 0.192879930139, 'roc': 0.109712079167, 'spe': 0.00838071946055}","{'Cluster1': 0.144015535712, 'Cluster2': 0.139429688454, 'Cluster3': 0.229340910912, 'Cluster4': 0.242777660489, 'Cluster5': 0.244436219335}","{'bright': 0.5, 'dark': 0.5}","{'instrumental': 0.0662319883704, 'voice': 0.933768033981}",0.765487313271,127.834915161
['My Time'],['Woobedub feat. Romane Waza'],"[""The Woob's Den""]","{'danceable': 3.00000096379e-14, 'not_danceable': 1}","{'cla': 0.0012128961971, 'dan': 0.910444140434, 'hip': 0.0202603191137, 'jaz': 0.00256276573054, 'pop': 0.0368926897645, 'rhy': 0.022357089445, 'roc': 0.00369104230776, 'spe': 0.00257907318883}","{'Cluster1': 0.0870727449656, 'Cluster2': 0.093079008162, 'Cluster3': 0.249724581838, 'Cluster4': 0.137128472328, 'Cluster5': 0.432995200157}","{'bright': 0.725025773048, 'dark': 0.274974226952}","{'instrumental': 0.846676528454, 'voice': 0.153323441744}",0.896419763565,139.937515259
['Stolen Moments'],['Herbie Mann'],['Standing Ovation At Newport'],"{'danceable': 0.0141686117277, 'not_danceable': 0.98583137989}","{'cla': 0.257026582956, 'dan': 0.0109325442463, 'hip': 0.0206957887858, 'jaz': 0.39676502347, 'pop': 0.103910349309, 'rhy': 0.13636225462, 'roc': 0.0377890691161, 'spe': 0.0365183763206}","{'Cluster1': 0.0760395899415, 'Cluster2': 0.0498968660831, 'Cluster3': 0.231703385711, 'Cluster4': 0.0342712961137, 'Cluster5': 0.608088850975}","{'bright': 0.951039850712, 'dark': 0.048960134387}","{'instrumental': 0.996347665787, 'voice': 0.00365233025514}",0.438531816006,129.004119873
['Parasite'],['Anthrax'],['Penikufesin'],"{'danceable': 3.00000096379e-14, 'not_danceable': 1}","{'cla': 0.0123874433339, 'dan': 0.114393912256, 'hip': 0.132225692272, 'jaz': 0.0128953251988, 'pop': 0.305209547281, 'rhy': 0.0129569182172, 'roc': 0.402038156986, 'spe': 0.00789300072938}","{'Cluster1': 0.0772226452827, 'Cluster2': 0.0444035679102, 'Cluster3': 0.227747857571, 'Cluster4': 0.0306320842355, 'Cluster5': 0.61999386549}","{'bright': 0.00111052545253, 'dark': 0.998889446259}","{'instrumental': 1, 'voice': 7.60971019531e-09}",0.8695499897,143.507446289
['Åsa'],['Tweed & Cutting'],['One Roof Under'],"{'danceable': 0.0130639998242, 'not_danceable': 0.986935973167}","{'cla': 0.842959821224, 'dan': 0.00348626822233, 'hip': 0.00416414346546, 'jaz': 0.0951487720013, 'pop': 0.0134288817644, 'rhy': 0.0226980689913, 'roc': 0.00883410125971, 'spe': 0.00927994400263}","{'Cluster1': 0.0978406518698, 'Cluster2': 0.0983121022582, 'Cluster3': 0.307558387518, 'Cluster4': 0.0790117010474, 'Cluster5': 0.417277157307}","{'bright': 0.979921042919, 'dark': 0.020078940317}","{'instrumental': 0.821103155613, 'voice': 0.178896829486}",0.0543254539371,132.673400879
['Off With Her Head'],['Icon for Hire'],['Scripted'],"{'danceable': 0.568333566189, 'not_danceable': 0.431666463614}","{'cla': 8.64170579007e-05, 'dan': 0.0242236629128, 'hip': 0.00703488430008, 'jaz': 0.000663233920932, 'pop': 0.00758937606588, 'rhy': 0.00476267142221, 'roc': 0.955563008785, 'spe': 7.67593519413e-05}","{'Cluster1': 0.332022637129, 'Cluster2': 0.0866496860981, 'Cluster3': 0.0631113946438, 'Cluster4': 0.0550455376506, 'Cluster5': 0.463170737028}","{'bright': 0.16543366015, 'dark': 0.834566354752}","{'instrumental': 0.000672904832754, 'voice': 0.999327123165}",0.958324730396,92.9163970947
['887 (Structure)'],['Banco de Gaia'],['10 Years (disc 2)'],"{'danceable': 3.00000096379e-14, 'not_danceable': 1}","{'cla': 0.0106005510315, 'dan': 0.0216339305043, 'hip': 0.498914629221, 'jaz': 0.0103590954095, 'pop': 0.0710066407919, 'rhy': 0.335776299238, 'roc': 0.0467650964856, 'spe': 0.00494375498965}","{'Cluster1': 0.0772226452827, 'Cluster2': 0.0444035679102, 'Cluster3': 0.227747857571, 'Cluster4': 0.0306320842355, 'Cluster5': 0.61999386549}","{'bright': 0.0630410835147, 'dark': 0.936958909035}","{'instrumental': 0.999999701977, 'voice': 3.03688324266e-07}",0.347135782242,99.6102294922
"['Sonata, S.R. 103 Modo Dorico in C minor']",['Padre Antonio Soler'],['Sonatas'],"{'danceable': 0.0459898151457, 'not_danceable': 0.95401018858}","{'cla': 0.78722012043, 'dan': 0.000513765320648, 'hip': 0.000552542391233, 'jaz': 0.204767197371, 'pop': 0.00129612488672, 'rhy': 0.00135926972143, 'roc': 0.000861414941028, 'spe': 0.00342956720851}","{'Cluster1': 0.0841133221984, 'Cluster2': 0.113690331578, 'Cluster3': 0.465447962284, 'Cluster4': 0.108799658716, 'Cluster5': 0.227948710322}","{'bright': 0.176578521729, 'dark': 0.823421478271}","{'instrumental': 0.999999701977, 'voice': 2.75360122259e-07}",0.25847145915,111.186523438
['You Open My Eyes'],['Hoodoo Gurus'],['Ampology'],"{'danceable': 0.967955350876, 'not_danceable': 0.0320446714759}","{'cla': 0.000184491364053, 'dan': 0.000641606980935, 'hip': 0.000353771843947, 'jaz': 0.00031277659582, 'pop': 0.00690172705799, 'rhy': 0.000303931185044, 'roc': 0.991088986397, 'spe': 0.000212720711716}","{'Cluster1': 0.377764880657, 'Cluster2': 0.134973064065, 'Cluster3': 0.0922406390309, 'Cluster4': 0.134539306164, 'Cluster5': 0.260482102633}","{'bright': 0.934460699558, 'dark': 0.06553927809}","{'instrumental': 0.0963652059436, 'voice': 0.903634786606}",0.960489928722,108.793327332
"[""Don't Mess With My Baby""]","[""Howlin' Wolf""]",['The Chess Box'],"{'danceable': 0.0952385887504, 'not_danceable': 0.904761433601}","{'cla': 0.0821678638458, 'dan': 0.00354187795892, 'hip': 0.0170634444803, 'jaz': 0.230349466205, 'pop': 0.0831645429134, 'rhy': 0.573958933353, 'roc': 0.00497118523344, 'spe': 0.00478266738355}","{'Cluster1': 0.0894787311554, 'Cluster2': 0.336355090141, 'Cluster3': 0.118479266763, 'Cluster4': 0.386989176273, 'Cluster5': 0.068697758019}","{'bright': 0.917947411537, 'dark': 0.0820525884628}","{'instrumental': 0.20636510849, 'voice': 0.79363489151}",0.0513005703688,81.7900848389
['From the Ashes'],['Heavydeath'],['Dark Phoenix Rising'],"{'danceable': 1.09461427655e-06, 'not_danceable': 0.999998927116}","{'cla': 0.00617534061894, 'dan': 0.0105713205412, 'hip': 0.00465159863234, 'jaz': 0.00411872984841, 'pop': 0.0120259616524, 'rhy': 0.00284210080281, 'roc': 0.948487997055, 'spe': 0.0111269336194}","{'Cluster1': 0.069833420217, 'Cluster2': 0.0420660041273, 'Cluster3': 0.240050211549, 'Cluster4': 0.0411258116364, 'Cluster5': 0.606924533844}","{'bright': 0.00112457456999, 'dark': 0.998875439167}","{'instrumental': 0.0683501288295, 'voice': 0.93164986372}",0.967986941338,125.117378235
"['How Come, How Long (Laws & Craigie Remix)']",['Babyface'],"['How Come, How Long']","{'danceable': 0.994145452976, 'not_danceable': 0.00585456844419}","{'cla': 0.00045224634232, 'dan': 0.0347079262137, 'hip': 0.0300658028573, 'jaz': 0.00163054349832, 'pop': 0.0724089816213, 'rhy': 0.8586576581, 'roc': 0.00147119292524, 'spe': 0.000605637324043}","{'Cluster1': 0.0731014609337, 'Cluster2': 0.0628976672888, 'Cluster3': 0.205177232623, 'Cluster4': 0.0431999489665, 'Cluster5': 0.61562371254}","{'bright': 0.569491028786, 'dark': 0.430509001017}","{'instrumental': 0.97650039196, 'voice': 0.0234996099025}",0.879806935787,162.022766113
['Take It Slow'],['Ras G'],['Down To Earth Vol. 2 (The Standard Bap Edition)'],"{'danceable': 0.999999880791, 'not_danceable': 1.00000008274e-07}","{'cla': 0.000187491561519, 'dan': 0.000442509073764, 'hip': 0.99738407135, 'jaz': 0.000137466515298, 'pop': 0.000218690605834, 'rhy': 0.00153092306573, 'roc': 8.35807659314e-05, 'spe': 1.52693792188e-05}","{'Cluster1': 0.0520748384297, 'Cluster2': 0.0287687461823, 'Cluster3': 0.087348267436, 'Cluster4': 0.0290216319263, 'Cluster5': 0.802786529064}","{'bright': 0.0565541125834, 'dark': 0.94344586134}","{'instrumental': 0.987729728222, 'voice': 0.0122702419758}",0.841836452484,88.8051834106
"['Disremembrance (full orchestral 12"" mix)']",['Dannii Minogue'],['Girl (remix disc)'],"{'danceable': 0.99740165472, 'not_danceable': 0.00259837275371}","{'cla': 0.00670426432043, 'dan': 0.430823504925, 'hip': 0.027107918635, 'jaz': 0.00916162971407, 'pop': 0.249663993716, 'rhy': 0.165958747268, 'roc': 0.107728101313, 'spe': 0.00285184453242}","{'Cluster1': 0.0754879564047, 'Cluster2': 0.0487840361893, 'Cluster3': 0.270338743925, 'Cluster4': 0.0391979068518, 'Cluster5': 0.566191375256}","{'bright': 0.971792697906, 'dark': 0.028207289055}","{'instrumental': 0.541067242622, 'voice': 0.45893278718}",0.718236982822,130.8931427
['REEEWIND! -Tomita Lab. Remix-'],['m-flo'],['ASTROMANTIC CHARM SCHOOL'],"{'danceable': 0.231199741364, 'not_danceable': 0.768800258636}","{'cla': 0.0110267791897, 'dan': 0.0245786253363, 'hip': 0.0131522463635, 'jaz': 0.0245033465326, 'pop': 0.575083315372, 'rhy': 0.213951721787, 'roc': 0.13260127604, 'spe': 0.00510266842321}","{'Cluster1': 0.113794729114, 'Cluster2': 0.207426324487, 'Cluster3': 0.269700556993, 'Cluster4': 0.140799477696, 'Cluster5': 0.268278896809}","{'bright': 0.969880223274, 'dark': 0.0301197990775}","{'instrumental': 0.890912353992, 'voice': 0.109087653458}",0.835438251495,105.056640625
['The Bridal Jig / The Handsome Young Maidens / The Lancers Jig (jigs)'],['John Williams'],['Steam'],"{'danceable': 0.938662588596, 'not_danceable': 0.061337441206}","{'cla': 0.0320748090744, 'dan': 0.00782022532076, 'hip': 0.0148918004707, 'jaz': 0.210345998406, 'pop': 0.371678888798, 'rhy': 0.273215681314, 'roc': 0.0822287127376, 'spe': 0.00774391135201}","{'Cluster1': 0.0535133741796, 'Cluster2': 0.605367720127, 'Cluster3': 0.0614031404257, 'Cluster4': 0.139391288161, 'Cluster5': 0.140324503183}","{'bright': 0.999997615814, 'dark': 2.38245297624e-06}","{'instrumental': 0.996527969837, 'voice': 0.00347201176919}",0.83368575573,133.830856323
['Mélo-Trirème'],['Les Tambours du Bronx'],['[Grandmix]'],"{'danceable': 0.622396349907, 'not_danceable': 0.377603650093}","{'cla': 0.0836347639561, 'dan': 0.0285056363791, 'hip': 0.079789839685, 'jaz': 0.044262047857, 'pop': 0.230334028602, 'rhy': 0.0598679557443, 'roc': 0.462200582027, 'spe': 0.0114051448181}","{'Cluster1': 0.0711795762181, 'Cluster2': 0.0521299540997, 'Cluster3': 0.219993636012, 'Cluster4': 0.0411720536649, 'Cluster5': 0.615524768829}","{'bright': 0.135365754366, 'dark': 0.864634275436}","{'instrumental': 0.870737433434, 'voice': 0.129262551665}",0.73857742548,148.827270508
['Intro'],['Limp Bizkit'],['Significant Other'],"{'danceable': 0.742771208286, 'not_danceable': 0.257228791714}","{'cla': 0.0426186993718, 'dan': 0.0246449504048, 'hip': 0.333644121885, 'jaz': 0.187979191542, 'pop': 0.04690027982, 'rhy': 0.316616714001, 'roc': 0.0273600704968, 'spe': 0.0202359817922}","{'Cluster1': 0.0831842422485, 'Cluster2': 0.0537864863873, 'Cluster3': 0.211611703038, 'Cluster4': 0.0366136543453, 'Cluster5': 0.614803910255}","{'bright': 0.462893188, 'dark': 0.537106812}","{'instrumental': 0.545685112476, 'voice': 0.454314857721}",0.568497776985,96.1129837036
['Vertigo (Hardgroove mix)'],['Ben Sims'],"[""The Last DJ'z on Earth""]","{'danceable': 0.99997484684, 'not_danceable': 2.51652400038e-05}","{'cla': 0.000854187528603, 'dan': 0.890292525291, 'hip': 0.0233730468899, 'jaz': 0.00111187447328, 'pop': 0.00725718028843, 'rhy': 0.0031008287333, 'roc': 0.0719751641154, 'spe': 0.00203519687057}","{'Cluster1': 0.187962964177, 'Cluster2': 0.0752057209611, 'Cluster3': 0.147531017661, 'Cluster4': 0.0671046599746, 'Cluster5': 0.522195637226}","{'bright': 0.180021643639, 'dark': 0.819978356361}","{'instrumental': 0.415969461203, 'voice': 0.584030508995}",0.973220765591,137.200576782
['Wie Das Wohl Wär'],['Redensart'],['Am Ende War Nicht Alles Schlecht'],"{'danceable': 0.682123363018, 'not_danceable': 0.317876636982}","{'cla': 0.00135583372321, 'dan': 0.00457355938852, 'hip': 0.0132544804364, 'jaz': 0.0054430947639, 'pop': 0.0810865908861, 'rhy': 0.892392754555, 'roc': 0.000869964365847, 'spe': 0.0010237491224}","{'Cluster1': 0.0349248237908, 'Cluster2': 0.183337152004, 'Cluster3': 0.435069084167, 'Cluster4': 0.329577922821, 'Cluster5': 0.0170909967273}","{'bright': 0.99999910593, 'dark': 8.84819826297e-07}","{'instrumental': 0.000308111455524, 'voice': 0.999691903591}",0.6949852705,105.023651123
"[""I'll Always Be Your Fool""]",['Jim Capaldi'],['Fierce Heart'],"{'danceable': 0.642340600491, 'not_danceable': 0.357659429312}","{'cla': 0.0144666051492, 'dan': 0.0276880189776, 'hip': 0.0168713759631, 'jaz': 0.0424041934311, 'pop': 0.371541887522, 'rhy': 0.257926672697, 'roc': 0.257650315762, 'spe': 0.0114509183913}","{'Cluster1': 0.10265225172, 'Cluster2': 0.148030072451, 'Cluster3': 0.360304236412, 'Cluster4': 0.171937912703, 'Cluster5': 0.217075541615}","{'bright': 0.961711883545, 'dark': 0.0382881052792}","{'instrumental': 0.0442039519548, 'voice': 0.955796062946}",0.892551541328,178.205200195
['Winter'],['Happy Rhodes'],['Many Worlds Are Born Tonight'],"{'danceable': 0.0390274748206, 'not_danceable': 0.960972547531}","{'cla': 0.0980288013816, 'dan': 0.0116700492799, 'hip': 0.0273301173002, 'jaz': 0.171409413218, 'pop': 0.0765405967832, 'rhy': 0.570227921009, 'roc': 0.0123871080577, 'spe': 0.0324060246348}","{'Cluster1': 0.0892502292991, 'Cluster2': 0.183741703629, 'Cluster3': 0.523615896702, 'Cluster4': 0.111037284136, 'Cluster5': 0.0923548787832}","{'bright': 0.0164282992482, 'dark': 0.983571708202}","{'instrumental': 0.465626001358, 'voice': 0.534373998642}",0.367223829031,117.635932922
['Letter To The Lord'],['Irma'],['Letter to the Lord'],"{'danceable': 0.319043695927, 'not_danceable': 0.680956304073}","{'cla': 0.0105734085664, 'dan': 0.0359535887837, 'hip': 0.0107915718108, 'jaz': 0.190817162395, 'pop': 0.421294808388, 'rhy': 0.268365114927, 'roc': 0.0414596237242, 'spe': 0.0207447074354}","{'Cluster1': 0.303522408009, 'Cluster2': 0.292966902256, 'Cluster3': 0.132226198912, 'Cluster4': 0.123629100621, 'Cluster5': 0.147655397654}","{'bright': 0.964090585709, 'dark': 0.0359093882143}","{'instrumental': 0.384035974741, 'voice': 0.615963995457}",0.943834602833,94.9890594482
[' Wasted Wishing'],['Rust Belt Lights'],['Religion & My Ex'],"{'danceable': 0.0714958459139, 'not_danceable': 0.928504168987}","{'cla': 0.000154313369421, 'dan': 0.000283698202111, 'hip': 0.000152724838699, 'jaz': 0.000224141593208, 'pop': 0.00104945327621, 'rhy': 0.000351974973455, 'roc': 0.997689187527, 'spe': 9.44939311012e-05}","{'Cluster1': 0.275490164757, 'Cluster2': 0.124115854502, 'Cluster3': 0.114033728838, 'Cluster4': 0.0632538050413, 'Cluster5': 0.423106431961}","{'bright': 0.0154487919062, 'dark': 0.98455119133}","{'instrumental': 0.00114384898916, 'voice': 0.998856127262}",0.962630927563,96.7127227783
['The Past'],['Alex North'],['All Fall Down (FSM)'],"{'danceable': 0.00660624401644, 'not_danceable': 0.993393778801}","{'cla': 0.795528829098, 'dan': 0.00189195014536, 'hip': 0.00188622216228, 'jaz': 0.173596397042, 'pop': 0.00598414102569, 'rhy': 0.00547623308375, 'roc': 0.00158414163161, 'spe': 0.0140520734712}","{'Cluster1': 0.0861462727189, 'Cluster2': 0.217972055078, 'Cluster3': 0.457383394241, 'Cluster4': 0.177776277065, 'Cluster5': 0.0607219971716}","{'bright': 0.0061949044466, 'dark': 0.993805110455}","{'instrumental': 0.997435569763, 'voice': 0.00256440741941}",0.097762465477,144.850067139
"[""Who's that Rave""]",['Scooter'],['The Fifth Chapter'],"{'danceable': 0.999999880791, 'not_danceable': 1.00000008274e-07}","{'cla': 0.000149171086377, 'dan': 0.739473104477, 'hip': 0.0501508265734, 'jaz': 0.000487425539177, 'pop': 0.135964512825, 'rhy': 0.00387486233376, 'roc': 0.0697560980916, 'spe': 0.000143982630107}","{'Cluster1': 0.213089421391, 'Cluster2': 0.114623099566, 'Cluster3': 0.0884029194713, 'Cluster4': 0.074116319418, 'Cluster5': 0.509768247604}","{'bright': 0.698803424835, 'dark': 0.301196604967}","{'instrumental': 0.0224156305194, 'voice': 0.97758436203}",0.951083481312,132.021286011
['Swoon'],['Tanya Donelly'],['Lovesongs for Underdogs'],"{'danceable': 0.0952559560537, 'not_danceable': 0.904744029045}","{'cla': 0.114012084901, 'dan': 0.00670662242919, 'hip': 0.00957167893648, 'jaz': 0.132314771414, 'pop': 0.149166077375, 'rhy': 0.556688189507, 'roc': 0.0150710828602, 'spe': 0.0164694786072}","{'Cluster1': 0.106347419322, 'Cluster2': 0.246043756604, 'Cluster3': 0.286060631275, 'Cluster4': 0.160977631807, 'Cluster5': 0.200570583344}","{'bright': 0.487458497286, 'dark': 0.512541532516}","{'instrumental': 0.0425888635218, 'voice': 0.957411110401}",0.465282768011,152.661270142
['No Cars Go'],['Arcade Fire'],['Black Session'],"{'danceable': 0.90243190527, 'not_danceable': 0.0975680947304}","{'cla': 0.00464466027915, 'dan': 0.103274807334, 'hip': 0.0081886947155, 'jaz': 0.00781103083864, 'pop': 0.158922076225, 'rhy': 0.00930143147707, 'roc': 0.704180061817, 'spe': 0.00367721822113}","{'Cluster1': 0.0780560225248, 'Cluster2': 0.0524238198996, 'Cluster3': 0.329604029655, 'Cluster4': 0.0706583485007, 'Cluster5': 0.469257771969}","{'bright': 0.785456120968, 'dark': 0.214543879032}","{'instrumental': 0.293622642756, 'voice': 0.706377327442}",0.760117471218,136.165023804
['Tom Busby'],['The Smith Street Band'],['Sunshine & Technology'],"{'danceable': 0.107394836843, 'not_danceable': 0.892605185509}","{'cla': 0.0215398911387, 'dan': 0.00594974774867, 'hip': 0.00162797980011, 'jaz': 0.00623747520149, 'pop': 0.00889347866178, 'rhy': 0.00525236548856, 'roc': 0.947893738747, 'spe': 0.00260535301641}","{'Cluster1': 0.0681884363294, 'Cluster2': 0.0534733571112, 'Cluster3': 0.381847977638, 'Cluster4': 0.0952244699001, 'Cluster5': 0.401265740395}","{'bright': 0.887492060661, 'dark': 0.11250795424}","{'instrumental': 0.643246352673, 'voice': 0.356753647327}",0.933613538742,178.205871582
['Shoorah Shoorah'],['Vicky'],"['""Vicky""']","{'danceable': 0.596907615662, 'not_danceable': 0.403092354536}","{'cla': 0.0690486729145, 'dan': 0.0421353392303, 'hip': 0.0588018558919, 'jaz': 0.0555100589991, 'pop': 0.237959384918, 'rhy': 0.418450951576, 'roc': 0.0985418185592, 'spe': 0.0195519234985}","{'Cluster1': 0.0842411220074, 'Cluster2': 0.452174127102, 'Cluster3': 0.108080483973, 'Cluster4': 0.335907518864, 'Cluster5': 0.019596748054}","{'bright': 0.999996483326, 'dark': 3.49746460415e-06}","{'instrumental': 0.201579004526, 'voice': 0.798420965672}",0.879684388638,117.132194519
"['String Quartet No. 6 In F Minor, Op. 80: I. Allegro Vivace Assai']",['Felix Mendelssohn'],['The Complete String Quartets (Disc3)'],"{'danceable': 0.0219021942466, 'not_danceable': 0.97809779644}","{'cla': 0.985107779503, 'dan': 0.000910047499929, 'hip': 0.00116065843031, 'jaz': 0.00913296546787, 'pop': 0.00038660041173, 'rhy': 0.00177037518006, 'roc': 0.000852680299431, 'spe': 0.000678879499901}","{'Cluster1': 0.0734370425344, 'Cluster2': 0.0625508502126, 'Cluster3': 0.228255033493, 'Cluster4': 0.0412344820797, 'Cluster5': 0.594522595406}","{'bright': 0.886786699295, 'dark': 0.113213308156}","{'instrumental': 0.999996900558, 'voice': 3.07320783577e-06}",0.0643112659454,172.266021729
['Pieces of My Heart'],['Jasmin Tabatabai'],['Only Love'],"{'danceable': 0.684286534786, 'not_danceable': 0.315713465214}","{'cla': 0.00414580386132, 'dan': 0.0211937781423, 'hip': 0.0479521788657, 'jaz': 0.0252354182303, 'pop': 0.332025021315, 'rhy': 0.359520405531, 'roc': 0.205239996314, 'spe': 0.00468738842756}","{'Cluster1': 0.200302749872, 'Cluster2': 0.280466616154, 'Cluster3': 0.0988517701626, 'Cluster4': 0.10306263715, 'Cluster5': 0.317316234112}","{'bright': 0.43995448947, 'dark': 0.560045540333}","{'instrumental': 0.263576775789, 'voice': 0.736423194408}",0.898251652718,97.9199371338
['I Pull My Gun Once'],['Jam & Spoon feat. Plavka'],['Kaleidoscope Skies'],"{'danceable': 0.998494684696, 'not_danceable': 0.00150529528037}","{'cla': 0.00725781265646, 'dan': 0.333135187626, 'hip': 0.460712462664, 'jaz': 0.0100290048867, 'pop': 0.0474950484931, 'rhy': 0.116975463927, 'roc': 0.012272448279, 'spe': 0.0121225845069}","{'Cluster1': 0.0836744084954, 'Cluster2': 0.0602276399732, 'Cluster3': 0.359222382307, 'Cluster4': 0.0434391871095, 'Cluster5': 0.453436374664}","{'bright': 0.280523210764, 'dark': 0.719476759434}","{'instrumental': 0.0121681448072, 'voice': 0.987831830978}",0.923902094364,137.917999268
['How crazy'],['YUI'],['CAN’T BUY MY LOVE'],"{'danceable': 0.653736770153, 'not_danceable': 0.346263229847}","{'cla': 0.0223156809807, 'dan': 0.00778322294354, 'hip': 0.00764015782624, 'jaz': 0.0233499258757, 'pop': 0.275065928698, 'rhy': 0.168387591839, 'roc': 0.49337425828, 'spe': 0.00208323681727}","{'Cluster1': 0.177967697382, 'Cluster2': 0.287854850292, 'Cluster3': 0.119298815727, 'Cluster4': 0.146322235465, 'Cluster5': 0.268556386232}","{'bright': 0.854359030724, 'dark': 0.145640969276}","{'instrumental': 0.307927191257, 'voice': 0.692072808743}",0.876766324043,122.13772583
['By Your Side'],['Default'],['The Fallout'],"{'danceable': 0.0317744538188, 'not_danceable': 0.968225538731}","{'cla': 0.000159594870638, 'dan': 0.00558656221256, 'hip': 0.00109293230344, 'jaz': 8.25837414595e-05, 'pop': 0.00707665737718, 'rhy': 0.00483752926812, 'roc': 0.981049358845, 'spe': 0.000114759655844}","{'Cluster1': 0.215605393052, 'Cluster2': 0.146804615855, 'Cluster3': 0.123961545527, 'Cluster4': 0.0615183860064, 'Cluster5': 0.452110052109}","{'bright': 0.988302648067, 'dark': 0.0116973668337}","{'instrumental': 0.0383524037898, 'voice': 0.961647570133}",0.956387042999,161.75012207
['Henning Trøen'],['Sven Nyhus sekstett'],['grimen'],"{'danceable': 0.875164151192, 'not_danceable': 0.124835833907}","{'cla': 0.893808841705, 'dan': 0.00629184348509, 'hip': 0.00665914965793, 'jaz': 0.04307603091, 'pop': 0.0132506713271, 'rhy': 0.0188436526805, 'roc': 0.00778693333268, 'spe': 0.0102828564122}","{'Cluster1': 0.162110969424, 'Cluster2': 0.327765166759, 'Cluster3': 0.175931990147, 'Cluster4': 0.196057394147, 'Cluster5': 0.138134464622}","{'bright': 0.995845973492, 'dark': 0.00415402557701}","{'instrumental': 0.999996602535, 'voice': 3.40162773682e-06}",0.91463804245,129.313980103
['Dead Cell (live)'],['Papa Roach'],['Time for Annihilation: On the Record & On the Road'],"{'danceable': 0.0434595756233, 'not_danceable': 0.95654040575}","{'cla': 9.61249315878e-05, 'dan': 0.0697110518813, 'hip': 0.00841446314007, 'jaz': 0.000485906522954, 'pop': 0.0219559185207, 'rhy': 0.0016065913951, 'roc': 0.897618055344, 'spe': 0.00011187850032}","{'Cluster1': 0.070290222764, 'Cluster2': 0.0357138551772, 'Cluster3': 0.0604765228927, 'Cluster4': 0.0290278997272, 'Cluster5': 0.804491519928}","{'bright': 0.0598257742822, 'dark': 0.940174221992}","{'instrumental': 0.236415192485, 'voice': 0.763584792614}",0.97919511795,98.9124679565
['Real Estate'],['Cypress Hill'],['Cypress Hill'],"{'danceable': 0.99638646841, 'not_danceable': 0.00361353578046}","{'cla': 0.00334337633103, 'dan': 0.0415145307779, 'hip': 0.883768975735, 'jaz': 0.00671695778146, 'pop': 0.0164288431406, 'rhy': 0.0242944434285, 'roc': 0.0202606841922, 'spe': 0.00367217650637}","{'Cluster1': 0.0809109807014, 'Cluster2': 0.100765392184, 'Cluster3': 0.134240463376, 'Cluster4': 0.225685760379, 'Cluster5': 0.458397418261}","{'bright': 0.215042203665, 'dark': 0.784957766533}","{'instrumental': 0.719680964947, 'voice': 0.280319005251}",0.943707466125,109.125083923
['Green Light'],['Jamie Lidell'],['Jim'],"{'danceable': 0.990357279778, 'not_danceable': 0.00964273512363}","{'cla': 0.0123173845932, 'dan': 0.0718705505133, 'hip': 0.15457996726, 'jaz': 0.247638866305, 'pop': 0.19459028542, 'rhy': 0.270863503218, 'roc': 0.0366569459438, 'spe': 0.0114824920893}","{'Cluster1': 0.156525328755, 'Cluster2': 0.225173085928, 'Cluster3': 0.285454422235, 'Cluster4': 0.216410890222, 'Cluster5': 0.11643627286}","{'bright': 0.680449724197, 'dark': 0.319550275803}","{'instrumental': 0.75944507122, 'voice': 0.240554943681}",0.944326937199,101.54473877
['Chains and Pounding Hooves'],['Tephra'],['Tempel'],"{'danceable': 0.559256970882, 'not_danceable': 0.440743029118}","{'cla': 0.000291204778478, 'dan': 0.000398292846512, 'hip': 0.000520755827893, 'jaz': 0.000257157662418, 'pop': 0.00332587654702, 'rhy': 0.00010749422654, 'roc': 0.994974792004, 'spe': 0.000124400437926}","{'Cluster1': 0.0983294770122, 'Cluster2': 0.0660241693258, 'Cluster3': 0.379850447178, 'Cluster4': 0.116510137916, 'Cluster5': 0.339285761118}","{'bright': 0.0700491070747, 'dark': 0.929950892925}","{'instrumental': 0.0483756735921, 'voice': 0.951624333858}",0.914874136448,109.298034668
['Another One Goes By'],['Mazarin'],"[""We're Already There""]","{'danceable': 0.296090215445, 'not_danceable': 0.703909814358}","{'cla': 0.0769883021712, 'dan': 0.123630173504, 'hip': 0.0446122922003, 'jaz': 0.173044711351, 'pop': 0.232184529305, 'rhy': 0.120053954422, 'roc': 0.211513862014, 'spe': 0.0179721750319}","{'Cluster1': 0.0940171405673, 'Cluster2': 0.157155245543, 'Cluster3': 0.336101919413, 'Cluster4': 0.313271194696, 'Cluster5': 0.0994544997811}","{'bright': 0.999999940395, 'dark': 2.9927058165e-08}","{'instrumental': 0.984234452248, 'voice': 0.0157655738294}",0.917282879353,110.066558838
['Must Destroy'],['Droids Attack'],['Must Destroy'],"{'danceable': 0.0430469848216, 'not_danceable': 0.956952989101}","{'cla': 0.0112506439909, 'dan': 0.0167361274362, 'hip': 0.00660887500271, 'jaz': 0.0132910106331, 'pop': 0.0318353027105, 'rhy': 0.0168770309538, 'roc': 0.88151037693, 'spe': 0.0218906085938}","{'Cluster1': 0.0803296342492, 'Cluster2': 0.0543598793447, 'Cluster3': 0.290179133415, 'Cluster4': 0.0504098571837, 'Cluster5': 0.524721503258}","{'bright': 0.000486598786665, 'dark': 0.99951338768}","{'instrumental': 0.959715306759, 'voice': 0.0402847118676}",0.780210018158,136.062057495
['Best Adventures'],['Thinkman'],['The Formula'],"{'danceable': 0.995631992817, 'not_danceable': 0.00436802348122}","{'cla': 0.00375205674209, 'dan': 0.116152085364, 'hip': 0.0495844744146, 'jaz': 0.00742445793003, 'pop': 0.138706818223, 'rhy': 0.0177379176021, 'roc': 0.664543390274, 'spe': 0.00209881132469}","{'Cluster1': 0.151173174381, 'Cluster2': 0.121082238853, 'Cluster3': 0.0981264263391, 'Cluster4': 0.108107745647, 'Cluster5': 0.52151042223}","{'bright': 0.765724182129, 'dark': 0.234275788069}","{'instrumental': 0.0884670615196, 'voice': 0.91153293848}",0.884140193462,119.224494934
['Heartbreak Hotel'],['Merle Haggard'],['My Farewell to Elvis'],"{'danceable': 0.17730216682, 'not_danceable': 0.822697818279}","{'cla': 0.263246029615, 'dan': 0.0189382880926, 'hip': 0.0536282099783, 'jaz': 0.15728148818, 'pop': 0.0879061073065, 'rhy': 0.285702288151, 'roc': 0.0375367552042, 'spe': 0.0957608222961}","{'Cluster1': 0.109243765473, 'Cluster2': 0.223715499043, 'Cluster3': 0.420438677073, 'Cluster4': 0.204740121961, 'Cluster5': 0.0418619476259}","{'bright': 0.999993443489, 'dark': 6.58033468426e-06}","{'instrumental': 0.11564759165, 'voice': 0.884352385998}",0.816672503948,88.439491272
['Afraid'],['Neko Case'],"['The Worse Things Get, the Harder I Fight, the Harder I Fight, the More I Love You']","{'danceable': 0.0774406418204, 'not_danceable': 0.922559380531}","{'cla': 0.0594996474683, 'dan': 0.00393278151751, 'hip': 0.0113892396912, 'jaz': 0.189579799771, 'pop': 0.0907300189137, 'rhy': 0.62140750885, 'roc': 0.00177792063914, 'spe': 0.021683100611}","{'Cluster1': 0.0345705896616, 'Cluster2': 0.107138238847, 'Cluster3': 0.607652783394, 'Cluster4': 0.224178522825, 'Cluster5': 0.0264598745853}","{'bright': 0.834277153015, 'dark': 0.165722832084}","{'instrumental': 0.0148520506918, 'voice': 0.985147953033}",0.745800554752,172.265716553
['Jig Horizonto / Dança do Urso'],['At-Tambur'],['At-Tambur'],"{'danceable': 0.285834670067, 'not_danceable': 0.714165329933}","{'cla': 0.0378471799195, 'dan': 0.0197212658823, 'hip': 0.0124065857381, 'jaz': 0.13294917345, 'pop': 0.512524604797, 'rhy': 0.187724962831, 'roc': 0.0882518216968, 'spe': 0.00857441220433}","{'Cluster1': 0.168848365545, 'Cluster2': 0.315296947956, 'Cluster3': 0.0974858105183, 'Cluster4': 0.188498973846, 'Cluster5': 0.229869917035}","{'bright': 0.969612121582, 'dark': 0.0303878746927}","{'instrumental': 0.999997913837, 'voice': 2.06099480238e-06}",0.877309918404,143.542617798
['Jeszcze sen'],['Czesław Niemen'],['Czy mnie jeszcze pamiętasz?'],"{'danceable': 0.551406741142, 'not_danceable': 0.44859328866}","{'cla': 0.0199012570083, 'dan': 0.0197992194444, 'hip': 0.0491235330701, 'jaz': 0.0240927711129, 'pop': 0.422419369221, 'rhy': 0.435990512371, 'roc': 0.0201462171972, 'spe': 0.00852710660547}","{'Cluster1': 0.0647640600801, 'Cluster2': 0.151376783848, 'Cluster3': 0.477723360062, 'Cluster4': 0.19479008019, 'Cluster5': 0.111345745623}","{'bright': 0.162952899933, 'dark': 0.837047100067}","{'instrumental': 0.0191917680204, 'voice': 0.980808258057}",0.892557740211,152.287063599
['Until I Find You'],['Tim Vanhamel'],['Welcome to the Blue House'],"{'danceable': 3.00000096379e-14, 'not_danceable': 1}","{'cla': 0.00241345237009, 'dan': 0.0673923566937, 'hip': 0.0114842317998, 'jaz': 0.00350927817635, 'pop': 0.214991524816, 'rhy': 0.00673938170075, 'roc': 0.689419150352, 'spe': 0.00405062362552}","{'Cluster1': 0.0772226452827, 'Cluster2': 0.0444035679102, 'Cluster3': 0.227747857571, 'Cluster4': 0.0306320842355, 'Cluster5': 0.61999386549}","{'bright': 0.00427558226511, 'dark': 0.995724439621}","{'instrumental': 0.903916954994, 'voice': 0.0960830673575}",0.894774496555,89.3697128296
['8 Years'],['Anouk'],['For Bitter or Worse'],"{'danceable': 3.00000096379e-14, 'not_danceable': 1}","{'cla': 0.0255836267024, 'dan': 0.0980564579368, 'hip': 0.196300193667, 'jaz': 0.024947181344, 'pop': 0.382194936275, 'rhy': 0.0448911786079, 'roc': 0.207077205181, 'spe': 0.0209492240101}","{'Cluster1': 0.0772226452827, 'Cluster2': 0.0444035679102, 'Cluster3': 0.227747857571, 'Cluster4': 0.0306320842355, 'Cluster5': 0.61999386549}","{'bright': 0.0211576242, 'dark': 0.978842377663}","{'instrumental': 0.995412826538, 'voice': 0.00458714412525}",0.782040417194,142.041015625
['Ellie Lou'],['The Hillbilly Moon Explosion'],['Damn Right Honey!'],"{'danceable': 0.999996960163, 'not_danceable': 3.02258013107e-06}","{'cla': 0.0163839925081, 'dan': 0.0465679056942, 'hip': 0.354044914246, 'jaz': 0.228420838714, 'pop': 0.0943388864398, 'rhy': 0.136280030012, 'roc': 0.0806847438216, 'spe': 0.0432786680758}","{'Cluster1': 0.0640347674489, 'Cluster2': 0.0504736602306, 'Cluster3': 0.183688133955, 'Cluster4': 0.0369368679821, 'Cluster5': 0.664866566658}","{'bright': 0.0258848201483, 'dark': 0.97411519289}","{'instrumental': 0.999999701977, 'voice': 3.10976560058e-07}",0.907051205635,135.868270874
['Intro'],['DJ Format'],['Music for the Mature B-Boy'],"{'danceable': 0.876087248325, 'not_danceable': 0.123912766576}","{'cla': 0.590005040169, 'dan': 0.00931888166815, 'hip': 0.0659214109182, 'jaz': 0.115062654018, 'pop': 0.0334642343223, 'rhy': 0.0888839140534, 'roc': 0.0233587808907, 'spe': 0.0739850848913}","{'Cluster1': 0.112628743052, 'Cluster2': 0.16978739202, 'Cluster3': 0.135887444019, 'Cluster4': 0.268713384867, 'Cluster5': 0.312983036041}","{'bright': 0.0446452535689, 'dark': 0.955354750156}","{'instrumental': 0.946781933308, 'voice': 0.0532180927694}",0.70502102375,87.1511611938
"[""You Can Run But You Can't Hide""]",['Cyrill Neville'],['Magic Honey'],"{'danceable': 0.89573097229, 'not_danceable': 0.104269050062}","{'cla': 0.00207960163243, 'dan': 0.0465028062463, 'hip': 0.0340757407248, 'jaz': 0.0516618229449, 'pop': 0.141460373998, 'rhy': 0.585287094116, 'roc': 0.1374335289, 'spe': 0.00149901432451}","{'Cluster1': 0.202675014734, 'Cluster2': 0.376407772303, 'Cluster3': 0.122118242085, 'Cluster4': 0.204204797745, 'Cluster5': 0.0945941582322}","{'bright': 0.705460309982, 'dark': 0.294539660215}","{'instrumental': 0.35818246007, 'voice': 0.641817569733}",0.934838950634,97.7033691406
['Cool Waves (String Session mix)'],['Spiritualized'],['Ladies and Gentlemen We Are Floating in Space (bonus disc: SP 60)'],"{'danceable': 0.0934126451612, 'not_danceable': 0.906587362289}","{'cla': 0.21814660728, 'dan': 0.0278397202492, 'hip': 0.0382855758071, 'jaz': 0.0330915339291, 'pop': 0.225773766637, 'rhy': 0.37706515193, 'roc': 0.0506821759045, 'spe': 0.0291154701263}","{'Cluster1': 0.0651352256536, 'Cluster2': 0.0657529532909, 'Cluster3': 0.43564915657, 'Cluster4': 0.092093616724, 'Cluster5': 0.34136903286}","{'bright': 0.31024992466, 'dark': 0.68975007534}","{'instrumental': 0.60115891695, 'voice': 0.398841112852}",0.447365581989,139.428710938
['Ever after'],['Silver Forest'],['Phantasm Brigade'],"{'danceable': 3.00000096379e-14, 'not_danceable': 1}","{'cla': 0.0134111857042, 'dan': 0.38785263896, 'hip': 0.231426909566, 'jaz': 0.041549552232, 'pop': 0.145777434111, 'rhy': 0.0722972080112, 'roc': 0.077269025147, 'spe': 0.0304160472006}","{'Cluster1': 0.0772226452827, 'Cluster2': 0.0444035679102, 'Cluster3': 0.227747857571, 'Cluster4': 0.0306320842355, 'Cluster5': 0.61999386549}","{'bright': 0.0114130480215, 'dark': 0.988586962223}","{'instrumental': 1, 'voice': 7.23992554796e-09}",0.928580462933,103.84513092
"[""Trost im Unglück from Lieder aus 'Des Knaben Wunderhorn' (2001 Digital Remaster)""]",['Dietrich Fischer-Dieskau/Daniel Barenboim'],['Five Rückert-Lieder'],"{'danceable': 0.00360820582137, 'not_danceable': 0.996391773224}","{'cla': 0.852495551109, 'dan': 0.00272478256375, 'hip': 0.00542992306873, 'jaz': 0.064814299345, 'pop': 0.0100283576176, 'rhy': 0.0160399004817, 'roc': 0.00383706693538, 'spe': 0.044630099088}","{'Cluster1': 0.125629931688, 'Cluster2': 0.107321038842, 'Cluster3': 0.253199994564, 'Cluster4': 0.0769851580262, 'Cluster5': 0.436863869429}","{'bright': 0.973631680012, 'dark': 0.0263683218509}","{'instrumental': 0.0813145786524, 'voice': 0.918685436249}",0.159868478775,91.2530593872
['How Long'],['Ace'],['Five-A-Side'],"{'danceable': 0.245373263955, 'not_danceable': 0.754626750946}","{'cla': 0.0115902833641, 'dan': 0.092597708106, 'hip': 0.031008888036, 'jaz': 0.0684095546603, 'pop': 0.380539178848, 'rhy': 0.369208902121, 'roc': 0.0344347991049, 'spe': 0.0122106848285}","{'Cluster1': 0.157531559467, 'Cluster2': 0.148255825043, 'Cluster3': 0.358657449484, 'Cluster4': 0.263166755438, 'Cluster5': 0.0723884105682}","{'bright': 0.977958679199, 'dark': 0.0220413189381}","{'instrumental': 0.360778182745, 'voice': 0.639221847057}",0.854218304157,123.3411026
['As Mãos e Os Frutos'],['Cristina Branco'],['Sensus'],"{'danceable': 2.08585024253e-10, 'not_danceable': 1}","{'cla': 0.0909781083465, 'dan': 0.00931409187615, 'hip': 0.0192880351096, 'jaz': 0.604246914387, 'pop': 0.0388981252909, 'rhy': 0.131570130587, 'roc': 0.0324710980058, 'spe': 0.073233500123}","{'Cluster1': 0.0757801383734, 'Cluster2': 0.0827129110694, 'Cluster3': 0.221001759171, 'Cluster4': 0.0566646829247, 'Cluster5': 0.563840508461}","{'bright': 0.0275571811944, 'dark': 0.972442805767}","{'instrumental': 0.991816222668, 'voice': 0.00818375963718}",0.432030230761,133.596084595
['Atmosphere'],['Kaskade'],['Atmosphere'],"{'danceable': 0.999762356281, 'not_danceable': 0.000237665401073}","{'cla': 0.00297444616444, 'dan': 0.764639258385, 'hip': 0.0359678827226, 'jaz': 0.0402784384787, 'pop': 0.0606659390032, 'rhy': 0.0688388198614, 'roc': 0.0244582239538, 'spe': 0.00217701564543}","{'Cluster1': 0.109864786267, 'Cluster2': 0.123073920608, 'Cluster3': 0.310757219791, 'Cluster4': 0.202507212758, 'Cluster5': 0.253796875477}","{'bright': 0.0534219518304, 'dark': 0.946578025818}","{'instrumental': 0.743407607079, 'voice': 0.256592392921}",0.747411966324,123.004608154
['Sending the Earl to Valhalla'],['Trevor Morris'],['Vikings'],"{'danceable': 0.0115012414753, 'not_danceable': 0.988498747349}","{'cla': 0.767491936684, 'dan': 0.00616955151781, 'hip': 0.0119132185355, 'jaz': 0.100828193128, 'pop': 0.0225697476417, 'rhy': 0.0592304430902, 'roc': 0.00832230132073, 'spe': 0.0234745983034}","{'Cluster1': 0.0775383487344, 'Cluster2': 0.113877058029, 'Cluster3': 0.372516423464, 'Cluster4': 0.0969152823091, 'Cluster5': 0.339152872562}","{'bright': 0.00232683331706, 'dark': 0.997673153877}","{'instrumental': 0.999999701977, 'voice': 2.88842983309e-07}",0.313001126051,164.670211792
['Window to the World'],['Geddy Lee'],['My Favorite Headache'],"{'danceable': 0.300888717175, 'not_danceable': 0.699111282825}","{'cla': 0.00444409158081, 'dan': 0.0153946084902, 'hip': 0.00241449452005, 'jaz': 0.00688955979422, 'pop': 0.0387324355543, 'rhy': 0.00679607130587, 'roc': 0.92027515173, 'spe': 0.00505357282236}","{'Cluster1': 0.25183776021, 'Cluster2': 0.198204383254, 'Cluster3': 0.28767734766, 'Cluster4': 0.157037079334, 'Cluster5': 0.105243451893}","{'bright': 0.962871730328, 'dark': 0.0371282398701}","{'instrumental': 0.229827255011, 'voice': 0.770172715187}",0.947537004948,109.959945679
['Splintered in Her Head'],['The Cure'],['Standing on a Beach: The Singles (And Unavailable B-Sides)'],"{'danceable': 0.122733049095, 'not_danceable': 0.877266943455}","{'cla': 0.0243675913662, 'dan': 0.0393839515746, 'hip': 0.0349845662713, 'jaz': 0.0334353595972, 'pop': 0.043150395155, 'rhy': 0.341524004936, 'roc': 0.45795622468, 'spe': 0.0251979157329}","{'Cluster1': 0.0944721847773, 'Cluster2': 0.130107849836, 'Cluster3': 0.233945757151, 'Cluster4': 0.0895405337214, 'Cluster5': 0.451933681965}","{'bright': 0.15224853158, 'dark': 0.847751498222}","{'instrumental': 0.934970736504, 'voice': 0.0650292485952}",0.941675782204,119.184379578
['Imperius Removes Arrow'],['Andrew Powell'],['Ladyhawke'],"{'danceable': 0.04953270033, 'not_danceable': 0.950467288494}","{'cla': 0.212963789701, 'dan': 0.0114094996825, 'hip': 0.0552471838892, 'jaz': 0.504419803619, 'pop': 0.0513879097998, 'rhy': 0.102144226432, 'roc': 0.0358486659825, 'spe': 0.0265789534897}","{'Cluster1': 0.189203560352, 'Cluster2': 0.135528430343, 'Cluster3': 0.281855732203, 'Cluster4': 0.204485550523, 'Cluster5': 0.18892672658}","{'bright': 0.00166472094133, 'dark': 0.998335301876}","{'instrumental': 0.512695491314, 'voice': 0.487304508686}",0.00695849629119,155.429077148
['Aeria - Vom Wind'],['Oonagh'],['Aeria'],"{'danceable': 0.953342616558, 'not_danceable': 0.0466573983431}","{'cla': 0.00182081991807, 'dan': 0.00982172507793, 'hip': 0.00178422790486, 'jaz': 0.00456146011129, 'pop': 0.91698384285, 'rhy': 0.0419268421829, 'roc': 0.0225126445293, 'spe': 0.000588414957747}","{'Cluster1': 0.0751721784472, 'Cluster2': 0.10723734647, 'Cluster3': 0.361009567976, 'Cluster4': 0.192664384842, 'Cluster5': 0.263916522264}","{'bright': 0.828605651855, 'dark': 0.171394348145}","{'instrumental': 0.804244041443, 'voice': 0.195755988359}",0.912861168385,122.959892273
['The Subway Voice'],['SPC ECO'],['Dark Notes'],"{'danceable': 5.8974892454e-06, 'not_danceable': 0.99999409914}","{'cla': 0.773533403873, 'dan': 0.00406111218035, 'hip': 0.00787818152457, 'jaz': 0.15832041204, 'pop': 0.00748072145507, 'rhy': 0.00891101080924, 'roc': 0.0014329997357, 'spe': 0.0383821837604}","{'Cluster1': 0.0846055448055, 'Cluster2': 0.215421393514, 'Cluster3': 0.557551264763, 'Cluster4': 0.0569113269448, 'Cluster5': 0.0855104401708}","{'bright': 0.0276664849371, 'dark': 0.972333490849}","{'instrumental': 0.927930355072, 'voice': 0.0720696300268}",0.470503687859,125.829139709
['The Slow Surrender'],['Parkway Drive'],['Atlas'],"{'danceable': 0.0591874755919, 'not_danceable': 0.940812528133}","{'cla': 0.000298894156003, 'dan': 0.000938004872296, 'hip': 0.000417678325903, 'jaz': 0.000461464456748, 'pop': 0.00201196828857, 'rhy': 0.000594226992689, 'roc': 0.994908332825, 'spe': 0.000369422836229}","{'Cluster1': 0.129059150815, 'Cluster2': 0.0960450917482, 'Cluster3': 0.0724098980427, 'Cluster4': 0.0530722141266, 'Cluster5': 0.649413645267}","{'bright': 0.00566050270572, 'dark': 0.9943395257}","{'instrumental': 0.0552421323955, 'voice': 0.94475787878}",0.946745753288,129.965927124
['Cafe Del Mar (Marco V remix)'],['Energy 52'],['Gatecrasher: Resident Transmission'],"{'danceable': 0.997703313828, 'not_danceable': 0.00229669525288}","{'cla': 0.00180927291512, 'dan': 0.985341846943, 'hip': 0.00539810676128, 'jaz': 0.00163945404347, 'pop': 0.000564710062463, 'rhy': 0.00145168963354, 'roc': 0.00164273311384, 'spe': 0.0021522003226}","{'Cluster1': 0.0794942751527, 'Cluster2': 0.067739084363, 'Cluster3': 0.177034676075, 'Cluster4': 0.048566441983, 'Cluster5': 0.627165496349}","{'bright': 0.426984369755, 'dark': 0.573015630245}","{'instrumental': 0.74863576889, 'voice': 0.251364260912}",0.814755678177,139.701858521
"[""Le Cours de l'histoire (DJ Lethal mix)""]",['Silmarils'],['Original Karma'],"{'danceable': 0.913674235344, 'not_danceable': 0.0863257646561}","{'cla': 0.00135573686566, 'dan': 0.087609320879, 'hip': 0.746598243713, 'jaz': 0.00696102296934, 'pop': 0.0346004292369, 'rhy': 0.103076651692, 'roc': 0.0121574988589, 'spe': 0.00764110358432}","{'Cluster1': 0.128833860159, 'Cluster2': 0.166061788797, 'Cluster3': 0.262375295162, 'Cluster4': 0.0812267437577, 'Cluster5': 0.361502289772}","{'bright': 0.406632363796, 'dark': 0.593367636204}","{'instrumental': 0.0383825674653, 'voice': 0.961617410183}",0.890855491161,92.7461547852
['Carnival'],['Steve Lawler'],['Carnival'],"{'danceable': 0.989997982979, 'not_danceable': 0.0100019937381}","{'cla': 0.0352770760655, 'dan': 0.0351281128824, 'hip': 0.483773946762, 'jaz': 0.0547837205231, 'pop': 0.0949400439858, 'rhy': 0.133064806461, 'roc': 0.127636879683, 'spe': 0.0353954136372}","{'Cluster1': 0.0634324923158, 'Cluster2': 0.0672770813107, 'Cluster3': 0.268426686525, 'Cluster4': 0.0725256204605, 'Cluster5': 0.528338134289}","{'bright': 0.987067818642, 'dark': 0.0129321599379}","{'instrumental': 0.999992609024, 'voice': 7.36737638363e-06}",0.939555704594,120.016494751
"[""Children's Song #5""]",['Chick Corea'],['Friends'],"{'danceable': 1.33871508297e-05, 'not_danceable': 0.999986588955}","{'cla': 0.151473969221, 'dan': 0.001878441195, 'hip': 0.00777907902375, 'jaz': 0.763095974922, 'pop': 0.0217580236495, 'rhy': 0.0439917445183, 'roc': 0.00364474114031, 'spe': 0.00637800106779}","{'Cluster1': 0.269505023956, 'Cluster2': 0.169250071049, 'Cluster3': 0.243449538946, 'Cluster4': 0.0901753082871, 'Cluster5': 0.227620065212}","{'bright': 0.543867051601, 'dark': 0.456132948399}","{'instrumental': 0.999989509583, 'voice': 1.04727041617e-05}",0.248386144638,70.1263809204
['Blood'],['Charlie Simpson'],['Long Road Home'],"{'danceable': 0.784076035023, 'not_danceable': 0.21592399478}","{'cla': 0.0127337817103, 'dan': 0.0412024632096, 'hip': 0.0178830008954, 'jaz': 0.0167012624443, 'pop': 0.492184281349, 'rhy': 0.278918087482, 'roc': 0.131620839238, 'spe': 0.00875627342612}","{'Cluster1': 0.0772917121649, 'Cluster2': 0.153759181499, 'Cluster3': 0.540535151958, 'Cluster4': 0.162931844592, 'Cluster5': 0.0654821321368}","{'bright': 0.953473806381, 'dark': 0.0465261898935}","{'instrumental': 0.00395228667185, 'voice': 0.996047735214}",0.902937233448,143.014556885
['Toothpicks'],['Versus You'],['Marathon'],"{'danceable': 3.00000096379e-14, 'not_danceable': 1}","{'cla': 0.00136280234437, 'dan': 0.0137019231915, 'hip': 0.0020254116971, 'jaz': 0.00108859851025, 'pop': 0.00483570992947, 'rhy': 0.00173253205139, 'roc': 0.974192023277, 'spe': 0.00106097280513}","{'Cluster1': 0.0772226452827, 'Cluster2': 0.0444035679102, 'Cluster3': 0.227747857571, 'Cluster4': 0.0306320842355, 'Cluster5': 0.61999386549}","{'bright': 0.000308750866679, 'dark': 0.99969124794}","{'instrumental': 0.91860473156, 'voice': 0.0813952684402}",0.970605432987,119.456001282
['Morninglight'],['Nik Tyndall'],['Silvermoon'],"{'danceable': 0.253927767277, 'not_danceable': 0.746072232723}","{'cla': 0.0298088919371, 'dan': 0.00670544756576, 'hip': 0.00204709218815, 'jaz': 0.738856434822, 'pop': 0.0491143763065, 'rhy': 0.149953708053, 'roc': 0.0219703037292, 'spe': 0.00154375040438}","{'Cluster1': 0.0761724412441, 'Cluster2': 0.044982559979, 'Cluster3': 0.23009505868, 'Cluster4': 0.0312189310789, 'Cluster5': 0.617531001568}","{'bright': 0.220783084631, 'dark': 0.779216885567}","{'instrumental': 1, 'voice': 3.80889264573e-10}",0.377990275621,153.104614258
"[""Am I the Only One (Who's Ever Felt This Way)""]",['Dixie Chicks'],['Wide Open Spaces'],"{'danceable': 0.693525910378, 'not_danceable': 0.306474089622}","{'cla': 0.00421758089215, 'dan': 0.00236635282636, 'hip': 0.00697173224762, 'jaz': 0.00959917809814, 'pop': 0.497118473053, 'rhy': 0.4458758533, 'roc': 0.0327417887747, 'spe': 0.0011090649059}","{'Cluster1': 0.0393550209701, 'Cluster2': 0.236573800445, 'Cluster3': 0.298633545637, 'Cluster4': 0.33087298274, 'Cluster5': 0.0945646464825}","{'bright': 1, 'dark': 3.66266772467e-09}","{'instrumental': 0.725541174412, 'voice': 0.274458795786}",0.82948589325,132.090438843
"['Consign to Oblivion (A New Age Dawns, Part 3)']",['Epica'],['Consign to Oblivion'],"{'danceable': 3.00000096379e-14, 'not_danceable': 1}","{'cla': 0.0156445726752, 'dan': 0.260132819414, 'hip': 0.120822884142, 'jaz': 0.0366807021201, 'pop': 0.159634515643, 'rhy': 0.0428863540292, 'roc': 0.34321808815, 'spe': 0.0209800563753}","{'Cluster1': 0.0772226452827, 'Cluster2': 0.0444035679102, 'Cluster3': 0.227747857571, 'Cluster4': 0.0306320842355, 'Cluster5': 0.61999386549}","{'bright': 0.01036176458, 'dark': 0.989638209343}","{'instrumental': 0.99999922514, 'voice': 7.82162885571e-07}",0.864578306675,90.0332183838
['We No Speak Americano (original)'],['Yolanda Be Cool & DCUP'],['We No Speak Americano'],"{'danceable': 0.999793946743, 'not_danceable': 0.000206026175874}","{'cla': 0.00443665217608, 'dan': 0.10221952945, 'hip': 0.580991268158, 'jaz': 0.00682308338583, 'pop': 0.033384334296, 'rhy': 0.259580612183, 'roc': 0.00236945063807, 'spe': 0.0101950801909}","{'Cluster1': 0.0929089039564, 'Cluster2': 0.138055443764, 'Cluster3': 0.342057734728, 'Cluster4': 0.143156215549, 'Cluster5': 0.283821702003}","{'bright': 0.00620177434757, 'dark': 0.993798196316}","{'instrumental': 0.173670440912, 'voice': 0.826329529285}",0.964203000069,124.992477417
['Madman'],['Sean Rowe'],['Madman'],"{'danceable': 0.326391458511, 'not_danceable': 0.673608541489}","{'cla': 0.0586963370442, 'dan': 0.0296206586063, 'hip': 0.189472407103, 'jaz': 0.0940627157688, 'pop': 0.0802741125226, 'rhy': 0.503225803375, 'roc': 0.0207903720438, 'spe': 0.0238576177508}","{'Cluster1': 0.118130832911, 'Cluster2': 0.294956713915, 'Cluster3': 0.348293572664, 'Cluster4': 0.153014525771, 'Cluster5': 0.0856043323874}","{'bright': 0.842370271683, 'dark': 0.157629743218}","{'instrumental': 0.220863938332, 'voice': 0.779136061668}",0.643969714642,127.414466858
['Intro'],['Lords of the Underground'],['Resurrection'],"{'danceable': 0.999397516251, 'not_danceable': 0.000602496962529}","{'cla': 0.0499238073826, 'dan': 0.0473942570388, 'hip': 0.281828284264, 'jaz': 0.0609038062394, 'pop': 0.289560168982, 'rhy': 0.131467238069, 'roc': 0.111011944711, 'spe': 0.0279105007648}","{'Cluster1': 0.0562022328377, 'Cluster2': 0.065124116838, 'Cluster3': 0.102966278791, 'Cluster4': 0.0923503562808, 'Cluster5': 0.683357000351}","{'bright': 0.0212511494756, 'dark': 0.978748857975}","{'instrumental': 0.0610644668341, 'voice': 0.938935518265}",0.915102005005,178.205871582
['Blues Sketch In Clave'],['Eldar'],['Virtue'],"{'danceable': 0.624362170696, 'not_danceable': 0.375637859106}","{'cla': 0.047757063061, 'dan': 0.023287191987, 'hip': 0.0438873134553, 'jaz': 0.32491004467, 'pop': 0.141283869743, 'rhy': 0.20493914187, 'roc': 0.153748869896, 'spe': 0.0601865053177}","{'Cluster1': 0.0757776349783, 'Cluster2': 0.0657836273313, 'Cluster3': 0.280062645674, 'Cluster4': 0.0503187589347, 'Cluster5': 0.528057336807}","{'bright': 0.191284358501, 'dark': 0.808715641499}","{'instrumental': 0.950706779957, 'voice': 0.049293205142}",0.8171890378,116.743011475
['Hide Away (alternate version)'],['Freddie King'],['Taking Care of Business (Disc 6)'],"{'danceable': 0.667594671249, 'not_danceable': 0.332405328751}","{'cla': 0.0244332738221, 'dan': 0.0226371195167, 'hip': 0.0858902037144, 'jaz': 0.0988206490874, 'pop': 0.20705395937, 'rhy': 0.451011538506, 'roc': 0.101395733654, 'spe': 0.00875753350556}","{'Cluster1': 0.0866287499666, 'Cluster2': 0.132352411747, 'Cluster3': 0.352239251137, 'Cluster4': 0.179805651307, 'Cluster5': 0.248973935843}","{'bright': 0.989040672779, 'dark': 0.0109593067318}","{'instrumental': 0.935078680515, 'voice': 0.0649213045835}",0.881243526936,135.058959961
['Inflation Blues'],['B.B. King'],['King of the Blues (disc 4: 1975-1991)'],"{'danceable': 0.994302630424, 'not_danceable': 0.00569735094905}","{'cla': 0.0556960701942, 'dan': 0.0211726594716, 'hip': 0.174206689, 'jaz': 0.245199412107, 'pop': 0.116996347904, 'rhy': 0.305353283882, 'roc': 0.0393030643463, 'spe': 0.0420724637806}","{'Cluster1': 0.109858170152, 'Cluster2': 0.108097441494, 'Cluster3': 0.251466959715, 'Cluster4': 0.0933749228716, 'Cluster5': 0.437202513218}","{'bright': 0.0321776978672, 'dark': 0.967822313309}","{'instrumental': 0.53706151247, 'voice': 0.46293848753}",0.528546333313,88.2696762085
['Din siste dag'],['Den Saakaldte'],['Kapittel II: Faen i Helvete'],"{'danceable': 8.61083719883e-07, 'not_danceable': 0.999999165535}","{'cla': 4.49606704933e-05, 'dan': 0.00240907049738, 'hip': 0.00214984919876, 'jaz': 8.89530565473e-05, 'pop': 0.0021508007776, 'rhy': 0.00016674445942, 'roc': 0.992870986462, 'spe': 0.000118626427138}","{'Cluster1': 0.0864395946264, 'Cluster2': 0.0300003737211, 'Cluster3': 0.110225655138, 'Cluster4': 0.0681934803724, 'Cluster5': 0.705140888691}","{'bright': 0.0212096851319, 'dark': 0.978790342808}","{'instrumental': 0.0341073125601, 'voice': 0.965892672539}",0.965136051178,129.675689697
['Last Night'],['The Amphetameanies'],['Right Line In Nylons'],"{'danceable': 0.697597503662, 'not_danceable': 0.30240252614}","{'cla': 0.0442032441497, 'dan': 0.068552814424, 'hip': 0.160090610385, 'jaz': 0.0595559291542, 'pop': 0.240064918995, 'rhy': 0.0570526868105, 'roc': 0.359568834305, 'spe': 0.0109109748155}","{'Cluster1': 0.0637669637799, 'Cluster2': 0.0764081403613, 'Cluster3': 0.26294490695, 'Cluster4': 0.170182406902, 'Cluster5': 0.426697582006}","{'bright': 0.926583409309, 'dark': 0.0734165757895}","{'instrumental': 0.924839496613, 'voice': 0.0751605182886}",0.841692745686,164.98828125
['The World Is Waiting for the Sunrise'],['Coleman Hawkins'],['The Genius of Coleman Hawkins'],"{'danceable': 0.727411925793, 'not_danceable': 0.272588074207}","{'cla': 0.0150257246569, 'dan': 0.00298332888633, 'hip': 0.0344575569034, 'jaz': 0.90467274189, 'pop': 0.00654237344861, 'rhy': 0.0273180119693, 'roc': 0.00431291619316, 'spe': 0.00468734418973}","{'Cluster1': 0.093046605587, 'Cluster2': 0.352123379707, 'Cluster3': 0.145884439349, 'Cluster4': 0.216107144952, 'Cluster5': 0.192838415504}","{'bright': 0.986555814743, 'dark': 0.0134441973642}","{'instrumental': 0.992814302444, 'voice': 0.00718568684533}",0.495654851198,134.558349609
['My Skateboard!'],['The Aquabats!'],['The Fury of the Aquabats!'],"{'danceable': 3.00000096379e-14, 'not_danceable': 1}","{'cla': 0.0227113068104, 'dan': 0.052379399538, 'hip': 0.135249122977, 'jaz': 0.0341657809913, 'pop': 0.511493682861, 'rhy': 0.0565968640149, 'roc': 0.166921362281, 'spe': 0.0204824712127}","{'Cluster1': 0.0772226452827, 'Cluster2': 0.0444035679102, 'Cluster3': 0.227747857571, 'Cluster4': 0.0306320842355, 'Cluster5': 0.61999386549}","{'bright': 0.00255497824401, 'dark': 0.997445046902}","{'instrumental': 0.999999940395, 'voice': 5.10333357795e-08}",0.883208096027,163.390304565
"[""Isn't That So Nice (He Said)""]",['Bangguru'],['Bangguru'],"{'danceable': 0.999991118908, 'not_danceable': 8.85975077836e-06}","{'cla': 0.000428493221989, 'dan': 0.649678468704, 'hip': 0.284704267979, 'jaz': 0.0015394956572, 'pop': 0.0262620281428, 'rhy': 0.033553339541, 'roc': 0.00317181227729, 'spe': 0.00066209025681}","{'Cluster1': 0.0740772560239, 'Cluster2': 0.0618521161377, 'Cluster3': 0.216864809394, 'Cluster4': 0.0457682311535, 'Cluster5': 0.601437568665}","{'bright': 0.00104016135447, 'dark': 0.998959839344}","{'instrumental': 0.727237343788, 'voice': 0.27276262641}",0.862961173058,162.08581543
['Spetsnaz / Paul Leni'],['port-royal'],['Flares'],"{'danceable': 0.315010309219, 'not_danceable': 0.684989690781}","{'cla': 0.189125984907, 'dan': 0.00923817232251, 'hip': 0.00819387100637, 'jaz': 0.50867241621, 'pop': 0.0868140533566, 'rhy': 0.0993003025651, 'roc': 0.0791485831141, 'spe': 0.0195066276938}","{'Cluster1': 0.0757963657379, 'Cluster2': 0.0508035980165, 'Cluster3': 0.249205216765, 'Cluster4': 0.0365267768502, 'Cluster5': 0.587668061256}","{'bright': 0.77232414484, 'dark': 0.227675870061}","{'instrumental': 0.991482198238, 'voice': 0.0085178297013}",0.679915130138,127.107261658
['Honda Is Tortured'],['Original Soundtrack / Various Artists'],['Street Fighter (The Movie)'],"{'danceable': 0.012615387328, 'not_danceable': 0.987384617329}","{'cla': 0.754283487797, 'dan': 0.00560042541474, 'hip': 0.0147949811071, 'jaz': 0.089887201786, 'pop': 0.0160760004073, 'rhy': 0.0265197139233, 'roc': 0.00704438146204, 'spe': 0.0857937783003}","{'Cluster1': 0.140399798751, 'Cluster2': 0.446442097425, 'Cluster3': 0.113607957959, 'Cluster4': 0.252297699451, 'Cluster5': 0.0472524501383}","{'bright': 0.00672552036121, 'dark': 0.993274450302}","{'instrumental': 0.999999880791, 'voice': 1.24949437463e-07}",0.558805763721,117.607017517
"[""05 - I'm Losing You""]",['Schenker-Pattison Summit'],['The Endless Jam'],"{'danceable': 0.236916214228, 'not_danceable': 0.763083815575}","{'cla': 0.00761619349942, 'dan': 0.0505549013615, 'hip': 0.0215935464948, 'jaz': 0.0490752644837, 'pop': 0.371304690838, 'rhy': 0.0451331585646, 'roc': 0.44974771142, 'spe': 0.0049745393917}","{'Cluster1': 0.0952047556639, 'Cluster2': 0.0839059352875, 'Cluster3': 0.135459885001, 'Cluster4': 0.0875503718853, 'Cluster5': 0.597879052162}","{'bright': 0.157833829522, 'dark': 0.842166185379}","{'instrumental': 0.80370593071, 'voice': 0.196294039488}",0.882518529892,104.947349548
['Sins of the Father'],"[""Demon's Eye""]",['The Stranger Within'],"{'danceable': 0.0466212779284, 'not_danceable': 0.953378736973}","{'cla': 0.00246417731978, 'dan': 0.0420184917748, 'hip': 0.00699408911169, 'jaz': 0.00479880766943, 'pop': 0.138870418072, 'rhy': 0.0144064091146, 'roc': 0.787445604801, 'spe': 0.00300202704966}","{'Cluster1': 0.0914269462228, 'Cluster2': 0.0464975684881, 'Cluster3': 0.0846859440207, 'Cluster4': 0.0537669248879, 'Cluster5': 0.723622620106}","{'bright': 0.0455767214298, 'dark': 0.954423308372}","{'instrumental': 0.0361726917326, 'voice': 0.963827311993}",0.971786797047,138.026275635
['Eine erhalten'],['Eisregen'],['Eine erhalten'],"{'danceable': 0.97480237484, 'not_danceable': 0.0251976512372}","{'cla': 0.00114578194916, 'dan': 0.395814090967, 'hip': 0.00397317996249, 'jaz': 0.00274457572959, 'pop': 0.0460292361677, 'rhy': 0.00665872218087, 'roc': 0.541818022728, 'spe': 0.00181636004709}","{'Cluster1': 0.109401986003, 'Cluster2': 0.0916443318129, 'Cluster3': 0.164448305964, 'Cluster4': 0.2225612849, 'Cluster5': 0.41194409132}","{'bright': 0.710740447044, 'dark': 0.289259582758}","{'instrumental': 0.805551469326, 'voice': 0.194448530674}",0.975014209747,164.459091187
['Scienceless'],['Lemuria'],['The Distance Is So Big'],"{'danceable': 3.00000096379e-14, 'not_danceable': 1}","{'cla': 0.0197206474841, 'dan': 0.152170151472, 'hip': 0.264244794846, 'jaz': 0.0448459275067, 'pop': 0.236032098532, 'rhy': 0.0642912760377, 'roc': 0.203794211149, 'spe': 0.014900884591}","{'Cluster1': 0.0772226452827, 'Cluster2': 0.0444035679102, 'Cluster3': 0.227747857571, 'Cluster4': 0.0306320842355, 'Cluster5': 0.61999386549}","{'bright': 0.00186097540427, 'dark': 0.998139023781}","{'instrumental': 0.996596097946, 'voice': 0.00340388109908}",0.810895740986,118.125030518
['Eros (remix)'],['Ludovico Einaudi'],['Islands: Essential Einaudi'],"{'danceable': 3.00000096379e-14, 'not_danceable': 1}","{'cla': 0.011175327003, 'dan': 0.00994085054845, 'hip': 0.0112433983013, 'jaz': 0.0062973187305, 'pop': 0.252486467361, 'rhy': 0.691142916679, 'roc': 0.0164884850383, 'spe': 0.00122523319442}","{'Cluster1': 0.0766383036971, 'Cluster2': 0.0869970172644, 'Cluster3': 0.223988339305, 'Cluster4': 0.0692198351026, 'Cluster5': 0.543156504631}","{'bright': 0.0601583831012, 'dark': 0.939841628075}","{'instrumental': 0.965122103691, 'voice': 0.0348779149354}",0.0213620681316,155.895263672
['That Line'],['Irma'],['Letter to the Lord'],"{'danceable': 0.901264548302, 'not_danceable': 0.0987354367971}","{'cla': 0.00319455214776, 'dan': 0.0748236253858, 'hip': 0.0189259499311, 'jaz': 0.0201748497784, 'pop': 0.691034734249, 'rhy': 0.133333325386, 'roc': 0.0559656210244, 'spe': 0.00254731136374}","{'Cluster1': 0.25260296464, 'Cluster2': 0.416609972715, 'Cluster3': 0.065353743732, 'Cluster4': 0.191360935569, 'Cluster5': 0.0740723907948}","{'bright': 0.441576421261, 'dark': 0.558423578739}","{'instrumental': 0.021183218807, 'voice': 0.97881680727}",0.910686373711,90.0049972534
"['ENDLESS RAIN (LIVE VERSION, Recorded at NIPPON BUDOKAN 1990.2.4.)']",['X'],['WEEK END'],"{'danceable': 0.0427042469382, 'not_danceable': 0.957295775414}","{'cla': 0.170304194093, 'dan': 0.0349642150104, 'hip': 0.0327952466905, 'jaz': 0.0468243546784, 'pop': 0.222357019782, 'rhy': 0.201970875263, 'roc': 0.277863055468, 'spe': 0.0129210576415}","{'Cluster1': 0.107270941138, 'Cluster2': 0.206578150392, 'Cluster3': 0.284871846437, 'Cluster4': 0.10353795439, 'Cluster5': 0.297741085291}","{'bright': 0.386100202799, 'dark': 0.613899767399}","{'instrumental': 0.376196175814, 'voice': 0.623803853989}",0.725558280945,77.7914962769
['Inuki'],['James Shimoji'],['REDLINE Original Soundtrack'],"{'danceable': 0.340348362923, 'not_danceable': 0.659651637077}","{'cla': 0.0135806836188, 'dan': 0.00717918947339, 'hip': 0.0339445918798, 'jaz': 0.887471735477, 'pop': 0.0129045750946, 'rhy': 0.0396304242313, 'roc': 0.001187642687, 'spe': 0.00410116650164}","{'Cluster1': 0.180594101548, 'Cluster2': 0.35195338726, 'Cluster3': 0.221615448594, 'Cluster4': 0.208364024758, 'Cluster5': 0.0374730527401}","{'bright': 0.735839188099, 'dark': 0.264160782099}","{'instrumental': 0.0989903658628, 'voice': 0.901009619236}",0.51522642374,95.2111740112
['Sunday in Sevastopol'],['The Verlaines'],['Pot Boiler'],"{'danceable': 3.00000096379e-14, 'not_danceable': 1}","{'cla': 0.0190477166325, 'dan': 0.19799657166, 'hip': 0.380656808615, 'jaz': 0.0313411802053, 'pop': 0.0361372679472, 'rhy': 0.237253338099, 'roc': 0.0732178241014, 'spe': 0.0243493113667}","{'Cluster1': 0.0771902948618, 'Cluster2': 0.0444051548839, 'Cluster3': 0.227705493569, 'Cluster4': 0.0306341741234, 'Cluster5': 0.620064914227}","{'bright': 0.00610277568921, 'dark': 0.993897199631}","{'instrumental': 0.999999642372, 'voice': 3.36455514116e-07}",0.842839062214,153.885131836
"['Just You, Just Me']",['Lester Young'],['Vol.3: 1943 The Complementary Works'],"{'danceable': 0.016692712903, 'not_danceable': 0.983307301998}","{'cla': 0.112432092428, 'dan': 0.00156819319818, 'hip': 0.00554084964097, 'jaz': 0.762027323246, 'pop': 0.00777056021616, 'rhy': 0.0949673950672, 'roc': 0.00457321014255, 'spe': 0.0111203864217}","{'Cluster1': 0.151791751385, 'Cluster2': 0.312752783298, 'Cluster3': 0.235916823149, 'Cluster4': 0.262119323015, 'Cluster5': 0.0374193191528}","{'bright': 0.995666742325, 'dark': 0.00433324137703}","{'instrumental': 0.986733853817, 'voice': 0.0132661554962}",0.586930751801,93.0649337769
['Living Room'],['Emeralds'],['What Happened'],"{'danceable': 0.144338876009, 'not_danceable': 0.855661094189}","{'cla': 0.176305502653, 'dan': 0.0689238905907, 'hip': 0.0630825832486, 'jaz': 0.072351500392, 'pop': 0.0862089172006, 'rhy': 0.362513124943, 'roc': 0.136076316237, 'spe': 0.0345381833613}","{'Cluster1': 0.07714959234, 'Cluster2': 0.0444200672209, 'Cluster3': 0.227807804942, 'Cluster4': 0.0306559987366, 'Cluster5': 0.619966506958}","{'bright': 0.000495063664857, 'dark': 0.99950492382}","{'instrumental': 0.999999880791, 'voice': 1.37649209364e-07}",0.183155477047,99.218711853
['Let This Party Never End'],"[""Mark 'Oh""]",['Fetenhits - Best Of 2002'],"{'danceable': 0.999993979931, 'not_danceable': 6.01770079811e-06}","{'cla': 0.000691764347721, 'dan': 0.967788279057, 'hip': 0.00111497356556, 'jaz': 0.000740471470635, 'pop': 0.00734820123762, 'rhy': 0.0036627817899, 'roc': 0.0180244054645, 'spe': 0.000629103102256}","{'Cluster1': 0.140221610665, 'Cluster2': 0.123788654804, 'Cluster3': 0.295068413019, 'Cluster4': 0.0762855634093, 'Cluster5': 0.36463573575}","{'bright': 0.800280272961, 'dark': 0.199719727039}","{'instrumental': 0.108592048287, 'voice': 0.891407966614}",0.929864764214,139.958633423
['Ice Cream Man'],['John Brim'],['Elmore James and John Brim: Whose Muddy Shoes'],"{'danceable': 0.0774734988809, 'not_danceable': 0.922526478767}","{'cla': 0.149776756763, 'dan': 0.00645239232108, 'hip': 0.0425103977323, 'jaz': 0.208731964231, 'pop': 0.123247765005, 'rhy': 0.423214763403, 'roc': 0.0324642620981, 'spe': 0.0136017007753}","{'Cluster1': 0.0920141339302, 'Cluster2': 0.0907161533833, 'Cluster3': 0.511498868465, 'Cluster4': 0.233690261841, 'Cluster5': 0.072080604732}","{'bright': 0.983746170998, 'dark': 0.0162538122386}","{'instrumental': 0.739400625229, 'voice': 0.260599344969}",0.764890253544,126.490905762
['Her Love Rubbed Off (home recording)'],['Carl Perkins'],['The Classic Carl Perkins (Disc 2)'],"{'danceable': 0.164854452014, 'not_danceable': 0.835145533085}","{'cla': 0.255463242531, 'dan': 0.00431237602606, 'hip': 0.0581407770514, 'jaz': 0.517727971077, 'pop': 0.0211710054427, 'rhy': 0.094383969903, 'roc': 0.0131609197706, 'spe': 0.0356397405267}","{'Cluster1': 0.0575900450349, 'Cluster2': 0.185842990875, 'Cluster3': 0.138674378395, 'Cluster4': 0.354791432619, 'Cluster5': 0.263101160526}","{'bright': 0.61974298954, 'dark': 0.380257040262}","{'instrumental': 0.838774681091, 'voice': 0.161225318909}",0.725465536118,91.4994888306
['Andorra (alt. version)'],['Colin Blunstone'],['Sings His Greatest Hits'],"{'danceable': 0.221263960004, 'not_danceable': 0.778736054897}","{'cla': 0.00626480253413, 'dan': 0.00647798134014, 'hip': 0.0135975275189, 'jaz': 0.0404127314687, 'pop': 0.38036236167, 'rhy': 0.384721428156, 'roc': 0.160361394286, 'spe': 0.00780176185071}","{'Cluster1': 0.115581065416, 'Cluster2': 0.27379065752, 'Cluster3': 0.317508131266, 'Cluster4': 0.156922504306, 'Cluster5': 0.136197641492}","{'bright': 0.955840170383, 'dark': 0.044159848243}","{'instrumental': 0.00326852244325, 'voice': 0.996731460094}",0.950032293797,127.933761597
['We Got The Sound'],['Scooter'],['The Fifth Chapter'],"{'danceable': 0.999998867512, 'not_danceable': 1.12477312086e-06}","{'cla': 0.00828714016825, 'dan': 0.362638056278, 'hip': 0.337049812078, 'jaz': 0.0148194478825, 'pop': 0.122243441641, 'rhy': 0.133367344737, 'roc': 0.0145669728518, 'spe': 0.00702781323344}","{'Cluster1': 0.0929885357618, 'Cluster2': 0.0929519608617, 'Cluster3': 0.0649874433875, 'Cluster4': 0.12128136307, 'Cluster5': 0.627790689468}","{'bright': 0.117890387774, 'dark': 0.882109642029}","{'instrumental': 0.16723485291, 'voice': 0.832765161991}",0.892256379128,131.99937439
['Welt hinter Glas (radio edit)'],['Max Mutzke'],['MAX'],"{'danceable': 0.854730069637, 'not_danceable': 0.145269945264}","{'cla': 0.0105228349566, 'dan': 0.0382396355271, 'hip': 0.0400943271816, 'jaz': 0.0251516345888, 'pop': 0.434520512819, 'rhy': 0.402387529612, 'roc': 0.037981081754, 'spe': 0.0111024575308}","{'Cluster1': 0.108170181513, 'Cluster2': 0.290708094835, 'Cluster3': 0.351818025112, 'Cluster4': 0.187513247132, 'Cluster5': 0.0617904514074}","{'bright': 0.953188955784, 'dark': 0.0468110665679}","{'instrumental': 0.00223424076103, 'voice': 0.997765779495}",0.857107639313,138.031234741
['Jacqueline'],['The Durutti Column'],['LC'],"{'danceable': 0.0182196870446, 'not_danceable': 0.981780290604}","{'cla': 0.80325448513, 'dan': 0.00819421838969, 'hip': 0.00893881823868, 'jaz': 0.0919829979539, 'pop': 0.0197500884533, 'rhy': 0.042950656265, 'roc': 0.00945036672056, 'spe': 0.0154783716425}","{'Cluster1': 0.0792312771082, 'Cluster2': 0.617116987705, 'Cluster3': 0.192017808557, 'Cluster4': 0.0872504711151, 'Cluster5': 0.0243834611028}","{'bright': 0.999996006489, 'dark': 4.00882800022e-06}","{'instrumental': 0.995455563068, 'voice': 0.00454446580261}",0.843694508076,136.179626465
"['Act 2 - Venite, Signorina']",['Gioachino Rossini'],"['The Complete Studio Recordings 1949-1969 (Disc 39: Rossini: Il Barbiere Di Siviglia (Maria Callas, Philharmonia Orchestra And Chorus; Alceo Galliera)']","{'danceable': 0.878702402115, 'not_danceable': 0.121297568083}","{'cla': 0.850441098213, 'dan': 0.00097413349431, 'hip': 0.0149422260001, 'jaz': 0.0325726903975, 'pop': 0.00278954207897, 'rhy': 0.0755826830864, 'roc': 0.00104700308293, 'spe': 0.0216506253928}","{'Cluster1': 0.0441163592041, 'Cluster2': 0.216576591134, 'Cluster3': 0.329814046621, 'Cluster4': 0.23413720727, 'Cluster5': 0.175355792046}","{'bright': 0.900002062321, 'dark': 0.0999979674816}","{'instrumental': 0.0208094995469, 'voice': 0.979190528393}",0.0261604115367,109.737716675
['Last Night When We Were Young/While We Were Young'],['Nancy Marano'],['If You Could See Us Now'],"{'danceable': 0.061161480844, 'not_danceable': 0.938838541508}","{'cla': 0.170030891895, 'dan': 0.00333789759316, 'hip': 0.00856309104711, 'jaz': 0.668736040592, 'pop': 0.044477045536, 'rhy': 0.0873396545649, 'roc': 0.00388185493648, 'spe': 0.0136335445568}","{'Cluster1': 0.0691578686237, 'Cluster2': 0.0569067150354, 'Cluster3': 0.382405310869, 'Cluster4': 0.0714159607887, 'Cluster5': 0.420114129782}","{'bright': 0.865926384926, 'dark': 0.134073600173}","{'instrumental': 0.519617259502, 'voice': 0.480382740498}",0.00442026183009,139.417877197
"['Madama Butterfly: Act I. Introduction / ""E soffito e pareti""']","['Mirella Freni, José Carreras, Etc.; Giuseppe Sinopoli: Philharmonia Orchestra, Ambrosian Opera Chorus']",['Madama Butterfly (Philharmonia Orchestra of London and Ambrosian Opera Chorus feat. conductor: Giuseppe Sinopoli)'],"{'danceable': 0.0129933394492, 'not_danceable': 0.987006664276}","{'cla': 0.913179159164, 'dan': 0.00107410119381, 'hip': 0.0040883324109, 'jaz': 0.0565752983093, 'pop': 0.00449429824948, 'rhy': 0.0158454608172, 'roc': 0.000945977750234, 'spe': 0.00379739608616}","{'Cluster1': 0.10390612483, 'Cluster2': 0.15342310071, 'Cluster3': 0.418883115053, 'Cluster4': 0.258503139019, 'Cluster5': 0.0652845129371}","{'bright': 0.301093608141, 'dark': 0.698906362057}","{'instrumental': 0.697817564011, 'voice': 0.302182406187}",0.0108028454706,126.141662598
['Stand Up'],['Flobots'],['Fight With Tools'],"{'danceable': 3.00000096379e-14, 'not_danceable': 1}","{'cla': 0.0056232153438, 'dan': 0.0332527309656, 'hip': 0.857023715973, 'jaz': 0.0120701491833, 'pop': 0.0316327996552, 'rhy': 0.0154940187931, 'roc': 0.0177010204643, 'spe': 0.0272023789585}","{'Cluster1': 0.0766998752952, 'Cluster2': 0.0450088866055, 'Cluster3': 0.226113811135, 'Cluster4': 0.0307068862021, 'Cluster5': 0.621470570564}","{'bright': 0.000606884947047, 'dark': 0.999393105507}","{'instrumental': 0.970353364944, 'voice': 0.0296466406435}",0.6891233325,97.9746398926
['Come Into My Life'],['Jimmy Cliff'],['This Is Reggae Music: The Golden Era 1960 to 1975'],"{'danceable': 0.771498084068, 'not_danceable': 0.228501930833}","{'cla': 0.0252326894552, 'dan': 0.0240367203951, 'hip': 0.0614275857806, 'jaz': 0.0344677083194, 'pop': 0.307766199112, 'rhy': 0.419046014547, 'roc': 0.110362619162, 'spe': 0.0176604911685}","{'Cluster1': 0.0794258266687, 'Cluster2': 0.128271788359, 'Cluster3': 0.447739392519, 'Cluster4': 0.186376154423, 'Cluster5': 0.158186838031}","{'bright': 0.0926812663674, 'dark': 0.907318711281}","{'instrumental': 0.339536786079, 'voice': 0.660463213921}",0.884087145329,166.14755249
['Don Juan (demo version)'],['Pet Shop Boys'],['Introspective / Further Listening 1988-1989'],"{'danceable': 0.545203745365, 'not_danceable': 0.454796284437}","{'cla': 0.00748753221706, 'dan': 0.229521095753, 'hip': 0.322286337614, 'jaz': 0.0102354213595, 'pop': 0.165443688631, 'rhy': 0.0470441877842, 'roc': 0.211453288794, 'spe': 0.00652844505385}","{'Cluster1': 0.112427018583, 'Cluster2': 0.104587584734, 'Cluster3': 0.0871083661914, 'Cluster4': 0.117449253798, 'Cluster5': 0.578427791595}","{'bright': 0.834618330002, 'dark': 0.165381684899}","{'instrumental': 0.0720792785287, 'voice': 0.92792069912}",0.963380455971,126.869758606
['Grave Desecration'],['Luftwaffe'],['Dissension'],"{'danceable': 0.44258928299, 'not_danceable': 0.55741071701}","{'cla': 0.0112642766908, 'dan': 0.0284930225462, 'hip': 0.00332085345872, 'jaz': 0.0194761157036, 'pop': 0.0359180942178, 'rhy': 0.00333544285968, 'roc': 0.89390450716, 'spe': 0.00428771134466}","{'Cluster1': 0.17653028667, 'Cluster2': 0.160658031702, 'Cluster3': 0.143201544881, 'Cluster4': 0.141910612583, 'Cluster5': 0.377699524164}","{'bright': 0.0962285622954, 'dark': 0.903771460056}","{'instrumental': 0.00110862462316, 'voice': 0.998891353607}",0.963157832623,135.83996582
"[""Seein' Spots""]",['Precious Jules'],['Precious Jules'],"{'danceable': 0.151169091463, 'not_danceable': 0.848830878735}","{'cla': 0.168888643384, 'dan': 0.176696360111, 'hip': 0.158859923482, 'jaz': 0.0677923932672, 'pop': 0.0423057228327, 'rhy': 0.186584025621, 'roc': 0.169099509716, 'spe': 0.0297734346241}","{'Cluster1': 0.13002961874, 'Cluster2': 0.195230603218, 'Cluster3': 0.111164152622, 'Cluster4': 0.101315170527, 'Cluster5': 0.462260454893}","{'bright': 0.760186493397, 'dark': 0.239813506603}","{'instrumental': 0.125551834702, 'voice': 0.874448180199}",0.95913541317,126.37387085
['Space Cowboy'],['Scooter'],['Sheffield'],"{'danceable': 0.999998152256, 'not_danceable': 1.86142835901e-06}","{'cla': 4.44561919721e-07, 'dan': 0.998196125031, 'hip': 0.000444857607363, 'jaz': 9.37753793551e-06, 'pop': 0.000202262788662, 'rhy': 0.000132074739668, 'roc': 0.000980430631898, 'spe': 3.44525578839e-05}","{'Cluster1': 0.0582511983812, 'Cluster2': 0.0500906333327, 'Cluster3': 0.149293094873, 'Cluster4': 0.0394613407552, 'Cluster5': 0.702903747559}","{'bright': 0.16111408174, 'dark': 0.838885903358}","{'instrumental': 0.911223828793, 'voice': 0.0887761563063}",0.936990320683,143.830230713
['Conscious Self'],['Breaking Orbit'],['The Time Traveller'],"{'danceable': 0.734819233418, 'not_danceable': 0.265180796385}","{'cla': 0.00324682658538, 'dan': 0.0170273650438, 'hip': 0.0194661319256, 'jaz': 0.0177708789706, 'pop': 0.323288828135, 'rhy': 0.0199610777199, 'roc': 0.597525060177, 'spe': 0.00171384669375}","{'Cluster1': 0.0893495231867, 'Cluster2': 0.0727282688022, 'Cluster3': 0.110951125622, 'Cluster4': 0.0445946417749, 'Cluster5': 0.68237644434}","{'bright': 0.110810004175, 'dark': 0.889190018177}","{'instrumental': 0.922424674034, 'voice': 0.0775753110647}",0.822656989098,103.299110413
['[untitled]'],['Tertium Non Data'],['The Third Is Not Given'],"{'danceable': 0.984254360199, 'not_danceable': 0.0157456379384}","{'cla': 0.0146099030972, 'dan': 0.0249071773142, 'hip': 0.797206759453, 'jaz': 0.0352741554379, 'pop': 0.0672206953168, 'rhy': 0.0243589635938, 'roc': 0.0110124964267, 'spe': 0.0254098493606}","{'Cluster1': 0.111790604889, 'Cluster2': 0.384659081697, 'Cluster3': 0.118755042553, 'Cluster4': 0.0748135820031, 'Cluster5': 0.309981703758}","{'bright': 0.00819411873817, 'dark': 0.99180585146}","{'instrumental': 0.909120380878, 'voice': 0.0908796414733}",0.920535385609,162.205383301
['The Rocker'],['Thin Lizzy'],['Life'],"{'danceable': 0.0448938123882, 'not_danceable': 0.955106198788}","{'cla': 0.00292641529813, 'dan': 0.00186528440099, 'hip': 0.00262512336485, 'jaz': 0.000794095511083, 'pop': 0.00783764477819, 'rhy': 0.00157684052829, 'roc': 0.980531096458, 'spe': 0.00184347899631}","{'Cluster1': 0.0748339816928, 'Cluster2': 0.0506475716829, 'Cluster3': 0.259750276804, 'Cluster4': 0.0774673521519, 'Cluster5': 0.537300825119}","{'bright': 0.0167474057525, 'dark': 0.983252584934}","{'instrumental': 0.00454764300957, 'voice': 0.995452344418}",0.951696932316,155.360076904
['Easy Money'],['Waylon Jennings'],['Closing in on the Fire'],"{'danceable': 0.352067917585, 'not_danceable': 0.647932052612}","{'cla': 0.0749655365944, 'dan': 0.0391466617584, 'hip': 0.0240214467049, 'jaz': 0.0219296403229, 'pop': 0.47567564249, 'rhy': 0.285379320383, 'roc': 0.0661054328084, 'spe': 0.0127763310447}","{'Cluster1': 0.0751635804772, 'Cluster2': 0.156866252422, 'Cluster3': 0.322084516287, 'Cluster4': 0.270644068718, 'Cluster5': 0.175241574645}","{'bright': 0.871055424213, 'dark': 0.128944560885}","{'instrumental': 0.27713227272, 'voice': 0.72286772728}",0.88336879015,120.777740479
['Malmaison'],['Tre Mission'],['Malmaison'],"{'danceable': 0.963554739952, 'not_danceable': 0.0364452674985}","{'cla': 0.237795844674, 'dan': 0.0390873216093, 'hip': 0.263968616724, 'jaz': 0.0344977676868, 'pop': 0.269761443138, 'rhy': 0.0870271846652, 'roc': 0.0451604947448, 'spe': 0.0227013342083}","{'Cluster1': 0.0548471361399, 'Cluster2': 0.0925300940871, 'Cluster3': 0.0629872754216, 'Cluster4': 0.100876048207, 'Cluster5': 0.688759446144}","{'bright': 0.124203555286, 'dark': 0.875796437263}","{'instrumental': 0.521790325642, 'voice': 0.478209644556}",0.739041209221,163.869277954
['Birds in My Head'],['Ghinzu'],['Mirror Mirror'],"{'danceable': 0.014236189425, 'not_danceable': 0.985763788223}","{'cla': 0.0649525076151, 'dan': 0.00387978134677, 'hip': 0.13099065423, 'jaz': 0.397940784693, 'pop': 0.00698423804715, 'rhy': 0.337863355875, 'roc': 0.00314871873707, 'spe': 0.0542399398983}","{'Cluster1': 0.077111788094, 'Cluster2': 0.144435659051, 'Cluster3': 0.419581383467, 'Cluster4': 0.180653110147, 'Cluster5': 0.178218051791}","{'bright': 0.00742313312367, 'dark': 0.99257683754}","{'instrumental': 0.00317147537135, 'voice': 0.996828496456}",0.00337332976051,131.505584717
