title,artist,album,danceable, not_danceable, genre_cla, genre_dan, genre_hip, genre_jaz, genre_pop, genre_rhy, genre_roc, genre_spe,mood_cluster1,mood_cluster2,mood_cluster3,mood_cluster4,mood_cluster5, timbre_bright, timbre_dark, instrumental, voice, loudness,bpm,spotify_url,genre,mood,timbre,instrumental,tempo,danceability
IT HURTS,Wet Wet Wet,10,0.888580203056,0.111419811845,0.0360003933311,0.0190815515816,0.0347525626421,0.0652554854751,0.456484466791,0.220221549273,0.158351972699,0.00985201448202,0.11966855824,0.24216003716,0.249439686537,0.278309166431,0.110422551632,0.911872625351,0.088127374649,9.14966440178E-05,0.99990850687,0.84557133913,79.98165893550000,spotify:track:17TK9AhnzZgwCeSD3vTnXb,6,13,15,18,20,0
Come Fly With Me,Cherry Poppin’ Daddies,Please Return the Evening,0.971156835556,0.028843164444,0.006764239165930000,0.0179630387574,0.0347605831921,0.0535557344556,0.706206440926,0.0771150141954,0.100235335529,0.0033996074926100000,0.08612889051440000,0.283416897058,0.227262273431,0.327090978622,0.0761009529233,0.935193240643,0.0648067295551,0.00539752468467,0.994602501392,0.952383756638,80.07260894780000,spotify:track:38U0BQ2UJz33fRkdxM0rjZ,6,13,15,18,20,0
Are You Ready,Bob Dylan,Saved,0.288386851549,0.711613178253,0.0380725339055,0.0102926017717,0.0526551790535,0.0613441132009,0.50271832943,0.274564772844,0.0574173144996,0.00293517881073,0.148695155978,0.194892004132,0.155045166612,0.314936339855,0.186431348324,0.544464588165,0.455535411835,0.0464119017124,0.95358812809,0.660741627216,80.7622909546,spotify:track:1HCTnmG6T5txZHYZglA2P9,6,13,15,18,20,1
Hot Pastrami,The Ventures,Lets Go!,0.163691043854,0.836308956146,0.010477758944,0.00323658250272,0.00208702706732,0.0319682136178,0.697944283485,0.112291932106,0.140786364675,0.0012078550644200000,0.226420849562,0.285759776831,0.0985959395766,0.321752071381,0.067471370101,0.992779791355,0.00722020678222,0.034571722149800000,0.965428292751,0.933014035225,81.10665893550000,spotify:track:1QxbAklsSedJSjCArY0KHM,6,13,15,18,20,1
Stronger Than Before,Chaka Khan,I Feel for You,0.333583235741,0.666416764259,0.0344581119716,0.0524391233921,0.0400878228247,0.06634419411420000,0.433373004198,0.323139131069,0.0417327061296,0.008425923064350000,0.093798160553,0.24340865016,0.10022354126,0.373020261526,0.189549401402,0.821649253368,0.17835073173000000,0.0493100620806,0.950689911842,0.590230584145,81.2749557495,spotify:track:4Xt62tjE20m3ATFv9zXrgi,6,13,15,18,20,1
Good Thing,Fine Young Cannibals,The Raw &amp; the Cooked,0.950047314167,0.049952685833,0.006377451587470000,0.0315174683928,0.136112943292,0.014274233020800000,0.684039115906,0.0980154722929,0.0275353882462,0.00212794891559,0.209791570902,0.275776058435,0.038585983216800000,0.291086256504,0.184760123491,0.999983608723,1.63912845892E-05,0.221042215824,0.778957784176,0.911929368973,82.2793502808,spotify:track:6lRkdG1HurVS72F9GoBeWJ,6,13,15,18,20,0
Slave,Lucky Dube,Retrospective,0.803157925606,0.196842044592,0.0175859052688,0.00912625249475,0.100024744868,0.0263277497143,0.428539037704,0.398005574942,0.0137831298634,0.00660760514438,0.0351255461574,0.297366797924,0.245413869619,0.313075482845,0.109018288553,0.999999940395,7.76156312554E-08,0.0346578061581,0.96534216404,0.820447742939,82.4399185181,spotify:track:63ltCIDI4rpnoLqPdZQyxv,6,13,15,18,20,0
Double Soul,Seeed feat. Tanya Stephens,Music Monks,0.999979734421,2.02542196348E-05,0.00230376585387,0.133788585663,0.227229550481,0.00302202696912,0.463420778513,0.15689958632,0.0110937124118,0.00224197655916,0.07200845330950000,0.305649757385,0.251500755548,0.324838578701,0.0460024625063,0.647821366787,0.352178633213,0.006441013887520000,0.993559002876,0.953243434429,82.9675445557,spotify:track:0YRF4p6HOCfFiQ3CQCUbrg,6,13,15,18,20,0
Eventually,The Naked Brothers Band,Naked Brothers Band,0.7977967858310000,0.202203199267,0.00848611909896,0.029522318393,0.0456828139722,0.109834633768,0.5794212818150000,0.202386319637,0.0221656728536,0.00250084581785,0.127865985036,0.307556331158,0.118460416794,0.371362924576,0.0747543424368,0.869121432304,0.130878582597,0.0009777611121540000,0.999022245407,0.76247137785,84.0053939819,spotify:track:21OUSNAeP9fAaETDcGk4Zz,6,13,15,18,20,0
Paid the Price,Moon Martin,The Very Best Of,0.245706096292,0.7542939186100000,0.0403021834791,0.0386594384909,0.00878299586475,0.282430946827,0.358865171671,0.186048641801,0.0779487118125,0.0069618918933,0.122854702175,0.261587530375,0.230215281248,0.346752971411,0.038589514792,0.992066383362,0.0079336296767,0.0998248755932,0.900175094604,0.771305561066,84.03549957280000,spotify:track:3lUuDwj5dKbIMvyuMXJMpV,6,13,15,18,20,1
Gold Fever,little hurricane,Gold Fever,0.8578802943230000,0.142119690776,0.0248674545437,0.22758024931,0.16142231226,0.048407495021800000,0.274062871933,0.189134374261,0.0608066394925,0.013718620874,0.182495892048,0.20429067313700000,0.156674191356,0.260517328978,0.196021929383,0.825300991535,0.174698993564,0.0642907693982,0.935709238052,0.8679561018940000,84.1808547974,spotify:track:6pXT1A2kImCsuYevVEc0fP,6,13,15,18,20,0
destined for…,T.M.Revolution,SEVENTH HEAVEN,0.982154488564,0.0178455077112,0.00389420473948,0.07817260921000000,0.056815460324300000,0.047517128288700000,0.659859359264,0.102610915899,0.04671433568,0.004415964242070000,0.138430178165,0.222251728177,0.22030878067,0.263418763876,0.155590519309,0.923465073109,0.07653491199020000,0.728615343571,0.271384686232,0.903981208801,84.94956207280000,Not Found,6,13,15,17,20,0
Up We Go,Lights,Little Machines,0.999347805977,0.0006521930918100000,0.000231083002291,0.203020334244,0.0107881594449,0.000247118878178,0.756485819817,0.016871355474,0.0122329611331,0.00012314453488200000,0.19209446013,0.218163445592,0.20194222033,0.280430555344,0.107369333506,0.6514711976050000,0.348528802395,0.003995944280180000,0.99600404501,0.946072220802,84.9844665527,spotify:track:4MODTnPdps3hsz2sS7UAqC,6,13,15,18,20,0
Kisha,Lil Wayne,Tha Block Is Hot,0.990132331848,0.00986764673144,0.0320100076497,0.0647409409285,0.0955656170845,0.0623102225363,0.52783614397,0.12309281528,0.0732652172446,0.0211790073663,0.0979535356164,0.253261864185,0.157131567597,0.352581769228,0.139071241021,0.856729388237,0.14327061176300000,0.158765852451,0.8412341475490000,0.960348248482,85.1261672974,spotify:track:24SxcZVgyzTkpJuV9m9gEr,6,13,15,18,20,0
Something to Believe In,Parachute,The Way It Was,0.993960797787,0.006039185915140000,0.00426592584699,0.114577673376,0.067783407867,0.0140936151147,0.5616646409030000,0.08951758593320000,0.143375247717,0.00472188973799,0.134390503168,0.239273622632,0.0958579704165,0.295849084854,0.234628841281,0.950772881508,0.0492270924151,0.0562420263886,0.94375795126,0.885089933872,85.8789978027,spotify:track:2G0nQvuwLLw5rm87IARhon,6,13,15,18,20,0
77,The Big Pink,Future This ❬pink vinyl❭,0.920518636703,0.0794813781977,0.0418650396168,0.08745155483480000,0.0497173182666,0.0334837660193,0.404152899981,0.187571212649,0.172254741192,0.0235034786165,0.135641083121,0.27555713057500000,0.181366741657,0.29718005657200000,0.110254980624,0.522134304047,0.477865666151,0.0821113958955,0.917888581753,0.923524558544,86.5541534424,spotify:track:4rrElq1JSEuajl1zFAwbjk,6,13,15,18,20,0
Little bitty pretty one,Billy Gilman,One Voice,0.777976095676,0.222023919225,0.006007758900520000,0.0107023222372,0.00987825542688,0.012112185359,0.747735798359,0.104584798217,0.108466044068,0.0005128209013490000,0.08999597281220000,0.358745902777,0.13285176456000000,0.394808202982,0.0235981494188,0.999999761581,2.58496072547E-07,0.161105006933,0.8388949632640000,0.907923221588,86.88849639890000,spotify:track:5V9ezTbv9LhSpgDcGph2n3,6,13,15,18,20,0
Ìì¹ú¤Î¤«¤±¤é,SMAP,£Ó£Í£Á£Ð£¯£Ó£Í£Á£Ð£°£°£±,0.857365489006,0.142634496093,0.00603625131771,0.0071222060360000000,0.0369429737329,0.0155187034979,0.6138648390770000,0.288291186094,0.0295442417264,0.00267961272039,0.08919681608680000,0.24065391719300000,0.258838802576,0.270326912403,0.140983551741,0.536464035511,0.463535934687,0.049062538892,0.950937449932,0.8438305258750000,86.9889526367,spotify:track:02hxqiyAsJR9gGxV7facNs,6,13,15,18,20,0
Michael,Prefab Sprout,Jordan: The Comeback,0.299928486347,0.700071513653,0.231765553355,0.010865659453,0.015973540023,0.14121325314000000,0.279083222151,0.177222013474,0.13404622674,0.00983052141964,0.0966717600822,0.125861987472,0.34943535924,0.373972058296,0.0540588572621,0.992201209068,0.00779881700873,0.00468243239447,0.995317578316,0.83598035574,87.118927002,spotify:track:2aK3LGhE5bEodXBp3qSyEf,6,13,15,18,20,1
Hurricane,Charles Bradley feat. Menahan Street Band,Victim Of Love,0.84978055954,0.150219410658,0.026034934446200000,0.0165944769979,0.152988150716,0.145056888461,0.31613522768,0.279324948788,0.0577287226915,0.006136651150880000,0.075126901269,0.16714677214600000,0.119968801737,0.349099338055,0.288658171892,0.901621699333,0.0983782857656,0.590414881706,0.409585118294,0.854320704937,87.2583084106,spotify:track:6mWOAh7fKnQ1YE9BzPOw9V,6,13,15,17,20,0
Bacchus (lat.),Corvus Corax,Viator,0.961606681347,0.0383933112025,0.00592367071658,0.264390051365,0.032249547541100000,0.00892276875675,0.324705302715,0.0381190218031,0.320597708225,0.00509192794561,0.16295465827,0.274327546358,0.074900560081,0.3815715610980000,0.106245666742,0.53108638525,0.468913584948,0.053548455238300000,0.946451544762,0.865651130676,87.3379821777,spotify:track:6zCzh6XShhEtqRiKU0ZDi3,6,13,15,18,20,0
Addosso Al Gatto,Edoardo Bennato,La Fantastica Storia Del Pifferaio Magico,0.7307915687560000,0.269208461046,0.0028481669724,0.00980398338288,0.021182030439400000,0.108520202339,0.55742430687,0.258607298136,0.0385180898011,0.0030959250871100000,0.154369369149,0.18855778873,0.224150180817,0.245712757111,0.187209904194,0.868073940277,0.13192604482200000,0.51343536377,0.486564666033,0.81224656105,87.50470733640000,Not Found,6,13,15,17,20,0
Love Is Here,Sophie Ellis-Bextor,Trip the Light Fantastic,0.953050911427,0.0469490848482,0.00263272668235,0.0660930648446,0.0339705720544,0.00839351862669,0.6890101432800000,0.0835657939315,0.114538326859,0.00179587479215,0.129729360342,0.274377793074,0.15917648375,0.313850313425,0.12286606431,0.958616018295,0.0413839705288,0.71315318346,0.28684681654,0.943808794022,87.77236175540000,spotify:track:2QnWVAHfZt3escUFsjx1Wj,6,13,15,17,20,0
Strange,Wet Wet Wet,10,0.586809754372,0.413190245628,0.0426464676857,0.015244755893900000,0.0169494114816,0.15483494103,0.478597611189,0.0982062518597,0.187473282218,0.006047266069800000,0.134934589267,0.272930860519,0.17452137172200000,0.328474164009,0.0891390144825,0.9371945858,0.0628054216504,0.00195862632245,0.998041391373,0.8890565037730000,87.8591842651,spotify:track:5otJH2n6wdBPzG1b6UGHiK,6,13,15,18,20,0
Drink,Ormonde,Machine,0.79982984066,0.200170129538,0.0194253791124,0.005186418071390000,0.00370975444093,0.0360906496644,0.548349797726,0.0665942505002,0.316991657019,0.0036520883441,0.116439066827,0.215603068471,0.289752662182,0.336171090603,0.042034100741100000,0.969602525234,0.030397498980200000,0.985594153404,0.014405834488600000,0.926473855972,87.9802474976,spotify:track:3qUM6jrTlNHIvBFY3GRXmJ,6,13,15,17,20,0
Home,Todrick Hall,Straight Outta Oz,0.960592806339,0.0394071750343,0.00197736662813,0.00289775291458,0.0154582001269,0.0114559456706,0.666479229927,0.262636244297,0.0381576046348,0.000937651260756,0.07722055166960000,0.279327690601,0.283882111311,0.285013973713,0.0745556801558,0.8987861275670000,0.101213879883,0.004231962841,0.995768010616,0.836814761162,88.001739502,spotify:track:1F5m0omiTYMzgsAVSFHNYO,6,13,15,18,20,0
The Twist,Johnny Preston,Feel So Fine: The Mercury Recordings 1959-1962 (Disc 2),0.0943626686931,0.905637323856,0.0428758487105,0.00844002701342,0.0057353093288800000,0.0254808664322,0.379335433245,0.240413233638,0.294057428837,0.00366183533333,0.0846865549684,0.249728783965,0.28149408102000000,0.339900016785,0.044190555810900000,0.999999582767,4.00558491265E-07,0.06917467713360000,0.930825293064,0.955075919628,88.4149856567,spotify:track:663zRwwGqet98Fu4he3VZ6,6,13,15,18,20,1
No Words,The Script,#3,0.7761990427970000,0.223800957203,0.00423621106893,0.0242210645229,0.0110401064157,0.00339044979773,0.691514730453,0.220352768898,0.0428864173591,0.00235826405697,0.110159806907,0.26272469759,0.26075232029,0.30806714296300000,0.0582960285246,0.737874031067,0.262125939131,0.008357856422660000,0.9916421175,0.793949484825,88.8954772949,spotify:track:7wsHwb4T9M2HQviCnLdwMs,6,13,15,18,20,0
Cyaan Cool,Khago,Stop the Bloodshed,0.943787038326,0.0562129616737,0.00148963346146,0.000495997839607,0.006070772185920000,0.00214923033491,0.498055279255,0.479368150234,0.0120398253202,0.0003311233012940000,0.0331818349659,0.371080726385,0.134035736322,0.425602704287,0.0360989831388,0.999985218048,1.47951031977E-05,0.0653495416045,0.934650480747,0.963030517101,88.9088516235,Not Found,6,13,15,18,20,0
Karappo,Tujiko Noriko,Hard Ni Sasete,0.350221097469,0.649778902531,0.0291484631598,0.00384407769889,0.0049494933337,0.015149993822000000,0.7428656220440000,0.0888600200415,0.109645560384,0.005536757409570000,0.05883894115690000,0.206474348903,0.287719875574,0.314439743757,0.13252709806,0.8810388445850000,0.118961147964,0.545090913773,0.454909086227,0.929011821747,88.98056793210000,Not Found,6,13,15,17,20,1
02.rush hour,JUJU,Wonderful Life,0.969936311245,0.0300636775792,0.000975028087851,0.0570537000895,0.042339704930800000,0.0031691393815,0.654277145863,0.230739161372,0.010486150160400000,0.000959963072091,0.104080937803,0.26199400425,0.191408962011,0.293096184731,0.149419903755,0.8503155708310000,0.149684414268,0.215206354856,0.7847936749460000,0.969038486481,88.98419189450000,Not Found,6,13,15,18,20,0
Big Fat Mamas Are Back in Style,Candye Kane,White Trash Girl,0.245029315352,0.754970669746,0.0228013657033,0.0156374964863,0.00758604705334,0.149785965681,0.382138729095,0.183499604464,0.233304709196,0.00524608651176,0.103323213756,0.32404419779800000,0.0739097595215,0.406700283289,0.09202253818510000,0.93870651722,0.0612934827805,0.254949778318,0.745050191879,0.927117347717,89.42769622800000,Not Found,6,13,15,18,20,1
Yeh-Yeh,Matt Bianco,The Best of Matt Bianco,0.967240571976,0.0327594019473,0.00923014897853,0.054865628480900000,0.0342772565782,0.0292513482273,0.486806482077,0.0912627652287,0.29096442461,0.00334195303731,0.112942658365,0.353856176138,0.0655938759446,0.372904956341,0.0947023406625,0.939674735069,0.0603252910078,0.0143826426938,0.985617339611,0.968218803406,89.6339263916,spotify:track:4FodDTLYZnDIQCdMe0PvDb,6,13,15,18,20,0
Meteorites,Lights,Little Machines,0.886036574841,0.113963395357,0.00102795229759,0.00713070202619,0.00952002592385,0.000999549287371,0.560902893543,0.415262907743,0.004731561057270000,0.000424439029302,0.0590041913092,0.240286946297,0.332798868418,0.346082508564,0.0218274816871,0.836523234844,0.163476794958,0.00228624371812,0.99771374464,0.908219635487,89.70098876950000,spotify:track:3dn4i6EKzZQKV5JNidkOrK,6,13,15,18,20,0
All I Really Want,Alanis Morissette,Jagged Little Pill Acoustic,0.969619572163,0.0303804408759,0.00222945422865,0.07170663774010000,0.023174658417700000,0.00586403207853,0.6899151802060000,0.154071122408,0.0515736117959,0.0014652984682500000,0.147210732102,0.244887411594,0.187233492732,0.284101992846,0.136566370726,0.972584009171,0.0274160131812,0.00231033377349,0.997689664364,0.920757710934,89.82488250730000,spotify:track:6rRIRMEhVclbTleCJQsrPm,6,13,15,18,20,0
Goodbye,Cris Cab,Where I Belong,0.544358372688,0.455641627312,0.0154167693108,0.007010833360250000,0.0028800098225500000,0.0559112541378,0.7042052149770000,0.17632414400600000,0.031028766185,0.0072230189107400000,0.051471028477,0.319559305906,0.29095005989100000,0.330392003059,0.007627610582860000,0.996929883957,0.00307011557743,0.00245580822229,0.997544169426,0.854386091232,89.8896026611,spotify:track:6f2ejm0nFrlc2pF4D8E0tQ,6,13,15,18,20,0
Saudade Do Doutor,Azymuth,Pure: Best of Far Out Years 1995-2006,0.931898057461,0.0681019425392,0.00285084312782,0.043325766921000000,0.0632208511233,0.0130082219839,0.674095451832,0.0606169812381,0.141105562449,0.0017763300566,0.118212260306,0.218942061067,0.20062237978,0.328454911709,0.133768409491,0.936695814133,0.0633041933179,0.819338440895,0.180661588907,0.94881093502,89.9843978882,spotify:track:4jbhEjTNtHWNkiQvfL4lyj,6,13,15,17,20,0
I Shot the Sheriff,Bob Wayne,Hits the Hits,0.883394598961,0.116605423391,0.0626506656408,0.0425666347146,0.187173604965,0.0405952334404,0.493685483932,0.120110943913,0.0397766716778,0.0134407626465,0.060525663197,0.20409104228,0.180579960346,0.349549114704,0.205254212022,0.5617572069170000,0.438242793083,0.557408452034,0.442591547966,0.8891855478290000,90.0283126831,spotify:track:5A9OrMOKzCV67bBazMCOIA,6,13,15,17,20,0
True Love Is Hard to Find,Toots & The Maytals,True Love,0.998265326023,0.00173467071727,0.0109946830198,0.117960736156,0.08115931600330000,0.0225638393313,0.388823598623,0.314957290888,0.0555512607098,0.00798926874995,0.0554888956249,0.288524836302,0.17732869088600000,0.382133364677,0.0965242013335,0.969245016575,0.0307549983263,0.050341088324800000,0.949658930302,0.934370040894,90.0343322754,spotify:track:3dwYyRLscb3QAAeWKACUe4,6,13,15,18,20,0
Ayo,Timomatic,Timomatic,0.999976754189,2.32258134929E-05,0.00367068778723,0.0500054657459,0.04363459348680000,0.0129262879491,0.692800521851,0.134832501411,0.057467199862,0.00466276193038,0.0671400353312,0.363398879766,0.0932404324412,0.397453099489,0.07876756042240000,0.804629564285,0.195370435715,0.0503908619285,0.949609160423,0.942296922207,90.09800720210000,Not Found,6,13,15,18,20,0
Noé,Julien Clerc,Het nationale muziek kado 1993,0.669337034225,0.330662935972,0.031536746770100000,0.0194479599595,0.0629118829966,0.107227802277,0.408346325159,0.301490545273,0.0434670709074,0.0255716666579,0.06842929869890000,0.245763733983,0.228703483939,0.34286397695500000,0.114239513874,0.999994337559,5.67208235225E-06,0.521833539009,0.478166460991,0.791242718697,90.41786193850000,spotify:track:62kpKsw0PqzoDitFfF5eCN,6,13,15,17,20,0
"Flip, Flop & Fly",Blues Brothers,The Blues Brothers Complete (Compilation)  (disc 1: CD1),0.320676267147,0.679323732853,0.0873362272978,0.0195858851075,0.0302714463323,0.0752500891685,0.399668902159,0.153436988592,0.223374247551,0.0110762119293,0.0712122544646,0.255889773369,0.150214850903,0.424970775843,0.0977123454213,0.999982774258,1.72040199686E-05,0.016494484618300000,0.983505487442,0.8609766960140000,90.70476531980000,spotify:track:2UZY5huWJnAiKHPHjPqhXn,6,13,15,18,20,1
Daedalus Rising,Death in June,"But, What Ends When the Symbols Shatter?",0.192160651088,0.8078393340110000,0.126888141036,0.0435346290469,0.032220903784,0.0233199559152,0.363050222397,0.106030836701,0.290789604187,0.0141657330096,0.0869997292757,0.246755257249,0.249279364944,0.25572425127,0.161241397262,0.982081949711,0.0179180800915,0.00454654730856,0.995453476906,0.7521548867230000,90.7750015259,Not Found,6,13,15,18,20,1
Make This Day,Zac Brown Band,You Get What You Give,0.752946197987,0.247053802013,0.00925455242395,0.00948500074446,0.0887835621834,0.015639731660500000,0.490013957024,0.327458798885,0.0548199377954,0.00454445835203,0.102559968829,0.260216265917,0.17401161789900000,0.311792016029,0.151420146227,0.784765422344,0.215234592557,0.00713274162263,0.992867231369,0.870693445206,90.99180603030000,spotify:track:5qMEjHgdEgPnmedpBZ1SzO,6,13,15,18,20,0
Kas-abahr en okitania,Tri Yann,Le Pélegrin,0.609943926334,0.390056073666,0.0116631882265,0.006150925997640000,0.00940306670964,0.021277222782400000,0.6972130537030000,0.061181075871,0.189182817936,0.00392865994945,0.0670698583126,0.278224170208,0.279741466045,0.28345027566,0.0915142521262,0.944189846516,0.055810172110800000,0.958141684532,0.0418582931161,0.8980944752690000,91.9519271851,spotify:track:3Wdq4aYMY2W8K6Kcx8oZVv,6,13,15,17,20,0
My Uprising,James Morrison,Undiscovered,0.7861138582230000,0.213886141777,0.00209094118327,0.0061846729368,0.00302077550441,0.022297609597400000,0.725900650024,0.12742820382100000,0.11254414916,0.000532993697561,0.167975097895,0.247881397605,0.233906671405,0.295293986797,0.0549428313971,0.982956826687,0.0170431658626,0.00613750936463,0.993862509727,0.902153789997,91.9794998169,Not Found,6,13,15,18,20,0
Rhinestone Eyes,Gorillaz,iTunes Session,0.994701147079,0.005298855714500000,0.00757155567408,0.0863586142659,0.0724681764841,0.0049752369523,0.737094521523,0.0574518740177,0.0328034423292,0.00127660494763,0.097736351192,0.183761864901,0.07952195405960000,0.362740755081,0.276239067316,0.553095936775,0.446904063225,0.0485599972308,0.951439976692,0.917253017426,92.0452957153,spotify:track:1foMv2HQwfQ2vntFf9HFeG,6,13,15,18,20,0
Dues paid in Full,Ruthie Foster,The Truth According To Ruthie Foster,0.912303209305,0.0876968055964,0.017618348822000000,0.0148786017671,0.211585596204,0.035885404795400000,0.453979223967,0.209757730365,0.0433780550957,0.0129170361906,0.123424559832,0.238039374352,0.0927891880274,0.340173125267,0.205573752522,0.990108132362,0.0098918704316,0.7844581604,0.2155418396,0.942734241486,92.05004882810000,spotify:track:6IrpeRCTB64uY1gWi8pzn7,6,13,15,17,20,0
Revolution,"Earth, Wind & Fire",In the Name of Love,0.986034631729,0.013965359889,0.0145064573735,0.008015420287850000,0.232060819864,0.0266129728407,0.477045476437,0.203962549567,0.0359650440514,0.00183126039337,0.0648374632001,0.205484509468,0.194241404533,0.309921294451,0.225515320897,0.874923348427,0.125076681376,0.013143372722,0.986856639385,0.8199484348300000,92.4551315308,Not Found,6,13,15,18,20,0
Your Magic Is Working,of Montreal,Satanic Panic in the Attic,0.470874905586,0.529125094414,0.05425542593,0.0256904661655,0.0393977053463,0.033617418259400000,0.472432047129,0.137808427215,0.22198843956,0.01481008064,0.123788923025,0.255998164415,0.169533357024,0.263201773167,0.187477782369,0.523431539536,0.476568460464,0.352892667055,0.647107303143,0.903667628765,92.4758758545,spotify:track:0Khglq7RzCkdC1X30NWqMm,6,13,15,18,20,1
The Happy Elf,"Harry Connick, Jr.",Sounds of the Season: The NBC Collection,0.598230242729,0.401769787073,0.033162310719500000,0.0171606950462,0.06785345077510000,0.186687797308,0.32393887639,0.315905213356,0.0428927354515,0.0123989088461,0.07530441135170000,0.255614578724,0.17642232775700000,0.382411122322,0.110247574747,0.979753792286,0.020246196538200000,0.046982653439,0.953017354012,0.699184715748,92.6260604858,spotify:track:6JCr067Y0Mj8elWFklSf7F,6,13,15,18,20,0
Act Naturally,The Beatles,Help!,0.3468349576,0.6531650424000000,0.0719609186053,0.0200479831547,0.0217289328575,0.0805136486888,0.265357047319,0.231485277414,0.261855393648,0.0470508001745,0.07963921874760000,0.343522965908,0.189353555441,0.365026444197,0.0224578082561,0.988073468208,0.0119265420362,0.00782024022192,0.992179751396,0.855919241905,92.8829040527,spotify:track:0IxxqsYBcCHEQ1HqLYJnwx,6,13,15,18,20,1
Dont Keep Me Wonderin,The Allman Brothers Band,Beginnings,0.314021348953,0.685978651047,0.023318339139200000,0.00543457362801,0.00401440588757,0.0975353345275,0.66646450758,0.0990558043122,0.101145610213,0.00303141609766,0.095805324614,0.273358881474,0.155677288771,0.399450391531,0.0757081136107,0.596058189869,0.403941810131,0.19816596806,0.801834046841,0.402394324541,92.9705886841,Not Found,6,13,15,18,20,1
...Baby One More Time (instrumental),Britney Spears,...Baby One More Time,0.85542589426,0.14457410574,0.0129358023405,0.0592227578163,0.0478832013905,0.133945181966,0.430899560452,0.288079470396,0.0235640108585,0.00347000709735,0.114395387471,0.236243158579,0.187966674566,0.363107800484,0.0982869639993,0.8483291268350000,0.151670888066,0.268085628748,0.73191434145,0.708452641964,92.9984893799,spotify:track:6vARwpIQhA2cBpoYHvpVwZ,6,13,15,18,20,0
Autumn Goodbye,Britney Spears,...Baby One More Time,0.797931790352,0.202068179846,0.0151621419936,0.0610971227288,0.0465443693101,0.167857736349,0.41723677516,0.263928413391,0.0238962583244,0.00427717715502,0.143793806434,0.227891921997,0.165877372026,0.366781979799,0.0956549197435,0.8572502136230000,0.142749786377,0.155415341258,0.8445846438410000,0.677908778191,93.0014572144,spotify:track:1TsyCE4jMDwesDsEBn3dIG,6,13,15,18,20,0
The Hot Blind Earth,Rock Plaza Central,"...at the Moment of Our Most Needing or If Only They Could Turn Around, They Would Know They Werent Alone",0.366900682449,0.633099317551,0.201367110014,0.0314713902771,0.0254124272615,0.076998591423,0.240358665586,0.18737013638,0.224859341979,0.0121623398736,0.107753232121,0.269038707018,0.148057147861,0.396578937769,0.07857199013230000,0.978480935097,0.0215190481395,0.185452371836,0.814547657967,0.692243039608,93.0390090942,spotify:track:2810L7D6ZokGz2CTMG1PLd,6,13,15,18,20,1
Probe Miguel,Triana Pura,De Triana al cielo,0.578587412834,0.421412587166,0.133385002613,0.010925795882900000,0.0440840125084,0.0877627581358,0.336258590221,0.29879117012,0.0684458836913,0.0203467942774,0.0707461833954,0.308054476976,0.186111778021,0.318256139755,0.116831436753,0.993101477623,0.00689854472876,0.000243950838922,0.999756038189,0.827547371387,93.10841369630000,spotify:track:0Hzq7sPeciHv6l7mfVfdfu,6,13,15,18,20,0
Prayin 4 a Miracle,Asia,Gold (Disc 2),0.6643659472470000,0.335634052753,0.0149958785623,0.0139263328165,0.007027261890470000,0.1161448434,0.547910630703,0.0479431860149,0.250485569239,0.00156629015692,0.131322264671,0.126321002841,0.196892142296,0.314982652664,0.230481937528,0.8721059560780000,0.127894058824,0.7435582280160000,0.256441742182,0.928227066994,93.2661361694,spotify:track:1u8ekOi1FTDtE7oe65UXIl,6,13,15,17,20,0
Easier to Walk Away,Elton John,The Very Best of Elton John,0.606776058674,0.393223971128,0.034927371889400000,0.187582314014,0.0478266961873,0.07281459867950000,0.324940741062,0.220587536693,0.09463776648040000,0.0166829638183,0.123812548816,0.18632440269,0.268260329962,0.325573205948,0.0960295200348,0.995656251907,0.00434372154996,0.0242830906063,0.975716888905,0.763323187828,93.33053588870000,spotify:track:1QEDuRCXGqUwkhg2Wp1wKU,6,13,15,18,20,0
Johnny B. Goode,Agents & Jorma Kääriäinen,Laulava sydän,0.984630048275,0.0153699358925,0.0107920952141,0.0241614803672,0.016015149653,0.0414570383728,0.44394877553,0.0469016395509,0.412498533726,0.00422528991476,0.202919736505,0.284752190113,0.108707472682,0.295895129442,0.107725478709,0.96752166748,0.032478325069,0.189839065075,0.8101609349250000,0.9375410676,93.7453308105,Not Found,6,13,15,18,20,0
I-R-I-N-A,Ryan Leslie,Ryan Leslie,0.930854082108,0.069145925343,0.005389707628640000,0.0561765469611,0.17365887761100000,0.0124397650361,0.380937129259,0.346497058868,0.0159875564277,0.008913372643290000,0.0690971761942,0.251239389181,0.287512719631,0.31400129199,0.0781494304538,0.870920479298,0.129079535604,0.08730822056530000,0.912691771984,0.854677319527,94.00160217290000,Not Found,6,13,15,18,20,0
Up For The Down Stroke,BWB,Up For The Down Stroke,3.00000096379E-14,1.0,0.0226273573935,0.0205870904028,0.139130622149,0.0691610723734,0.365700542927,0.284654408693,0.08485820144410000,0.0132806934416,0.102001018822,0.190776064992,0.230805829167,0.242064803839,0.23435229063,0.6413103342060000,0.358689695597,0.478479504585,0.521520495415,0.6865835189820000,94.07941436770000,spotify:track:3mBAyCTrtwyYjuTCxn2dFy,6,13,15,18,20,1
Suosikkini mun,Vicky,1-2-3-4 tulta,0.260706335306,0.7392936944960000,0.0343476124108,0.0065994886681400000,0.00844974070787,0.124725848436,0.434077501297,0.25246733427000000,0.134256452322,0.00507601862773,0.139074593782,0.25351917743700000,0.20395880937600000,0.366989403963,0.0364580191672,1.0,1.07597282195E-08,0.7183164358140000,0.281683564186,0.913926243782,94.5298080444,Not Found,6,13,15,17,20,1
Steam,Vanessa Amorosi,The Power,0.84930819273,0.15069180727,0.0018205717206,0.00267761317082,0.00448926957324,0.006127913482490000,0.725764811039,0.228042989969,0.0304781589657,0.0005986929754730000,0.06675153970720000,0.324683248997,0.156975805759,0.390146434307,0.0614429749548,0.994824588299,0.0051753949374,0.0142874922603,0.985712528229,0.877567887306,94.94337463380000,spotify:track:4KigbSY6Z3WLhUx3z1Phpa,6,13,15,18,20,0
Playing for Keeps,Elle King,The Elle King,0.989362418652,0.0106375981122,0.0056239538826,0.0278438441455,0.0438637845218,0.0236447155476,0.748128116131,0.0943265929818,0.0537223480642,0.00284667359665,0.0977726653218,0.185356348753,0.200291633606,0.327891170979,0.188688188791,0.597886800766,0.402113199234,0.855935513973,0.14406445622400000,0.903876006603,94.9656906128,spotify:track:5Sp4KSxDacrlkiS4v2eEgc,6,13,15,17,20,0
I Wanna Do More,Candye Kane,White Trash Girl,0.0814930722117,0.918506920338,0.0225180331618,0.00210877787322,0.00233810534701,0.0540916137397,0.4459849298,0.405963540077,0.059741925448200000,0.00725307548419,0.0941450372338,0.326154142618,0.170234441757,0.3826895654200000,0.0267768241465,0.999997437,2.53782991422E-06,0.07472652941940000,0.925273478031,0.949913203716,95.1123962402,Not Found,6,13,15,18,20,1
Louras geladas,RPM,Revoluções por minuto,0.545051276684,0.454948693514,0.0368549115956,0.0365190953016,0.12952932715400000,0.0585801266134,0.376509606838,0.146203041077,0.204789623618,0.0110142733902,0.147441610694,0.21412485837900000,0.196650370955,0.232837408781,0.208945766091,0.842414200306,0.157585799694,0.861636579037,0.138363391161,0.909542143345,95.2905197144,spotify:track:2zfkReKDo2ubvp49fIbkiJ,6,13,15,17,20,0
Johnny B. Goode (single A-Side 1974),Karthago,Second Step,0.452057123184,0.547942876816,0.00449413014576,0.0032166372984600000,0.00273424386978,0.0274680573493,0.711541950703,0.197922572494,0.051893305033400000,0.000729098217562,0.171182870865,0.25370106101,0.230847403407,0.282195985317,0.0620726794004,0.710982561111,0.28901746869100000,0.0070884162560100000,0.992911577225,0.8990906476970000,95.5057983398,Not Found,6,13,15,18,20,1
No Angel (Its All in Your Mind) (Rock Version),No Angels,Bravo Hits 41 (Disc 1),0.932438015938,0.0675619542599,0.00140867184382,0.0190992299467,0.0213670656085,0.00226096319966,0.706711709499,0.0739978328347,0.17384979128800000,0.00130474648904,0.116134077311,0.260578066111,0.147254854441,0.26202926039700000,0.21400372684,0.536887407303,0.463112592697,0.00925383158028,0.99074614048,0.953162074089,95.95413970950000,Not Found,6,13,15,18,20,0
All I Need Is You,Cris Cab,Where I Belong,0.948656916618,0.0513430684805,0.00102521537337,0.00716216303408,0.0204842425883,0.00301058404148,0.602560758591,0.340716421604,0.0245740767568,0.0004665730521080000,0.0422935858369,0.249966546893,0.24711176753000000,0.406014919281,0.054613184183800000,0.999999463558,5.14474720603E-07,0.0552452653646,0.944754719734,0.9373716712,96.05682373050000,spotify:track:5GlbLpH1EbOLsjVaA6Pd6z,6,13,15,18,20,0
The Good Fight,Es,Aspire to Inspire,0.746880829334,0.253119170666,0.028822960332,0.0549399480224,0.125091686845,0.0547594800591,0.303104430437,0.200944423676,0.211568340659,0.0207687318325,0.0718515738845,0.244777366519,0.16303579509300000,0.297498673201,0.222836583853,0.5600613355640000,0.439938634634,0.0223544947803,0.977645516396,0.959671199322,96.13271331790000,spotify:track:05dsLbKTGl6bC457ZPnzTw,6,13,15,18,20,0
No Shame,Jeff Bates,Leave the Light On,0.7217192649840000,0.27828073501600000,0.0361490137875,0.0199472494423,0.0228219144046,0.09694775938990000,0.419470995665,0.155342668295,0.241261586547,0.00805882178247,0.158771216869,0.274292826653,0.249440252781,0.277096301317,0.0403994210064,0.980355322361,0.0196446962655,0.152767047286,0.8472329378130000,0.8663112521170000,96.4717102051,spotify:track:0UCZAuhjpJl4PTSX4tCWG3,6,13,15,18,20,0
Like Any Woman Would,Patti Scialfa,Play It as It Lays,0.475176423788,0.524823606014,0.00305737066083,0.00397929083556,0.00259441696107,0.0318634659052,0.636972486973,0.288994312286,0.0314929038286,0.00104575348087,0.07854798436160000,0.280351787806,0.299216151237,0.307864785194,0.0340192876756,0.990092337132,0.00990763958544,0.408193767071,0.591806232929,0.937925636768,96.9561309814,spotify:track:6Up2IGIYLSECKXviWRpqrf,6,13,15,18,20,1
Truman,Ratatat,Lex,0.95330119133,0.0466988123953,0.0474822036922,0.0990342572331,0.121941529214,0.060768391937,0.37531170249,0.170909643173,0.104462765157,0.0200894996524,0.0727583169937,0.161701232195,0.173030093312,0.371514797211,0.220995560288,0.697271108627,0.302728891373,0.995540976524,0.0044590337202,0.7862649559970000,96.9695892334,spotify:track:60YSeJq2GfK16w79Ihhigh,6,13,15,17,20,0
Somos hoy,Laura Pausini,Entre tú y mil mares,0.938656449318,0.0613435544074,0.00169641629327,0.00399955594912,0.003531964961440000,0.0102127520368,0.850038051605,0.120455175638,0.00911177136004,0.00095429434441,0.0474749021232,0.239691793919,0.292181223631,0.331439495087,0.0892125964165,0.995025873184,0.00497413286939,0.657908022404,0.342091977596,0.8856169581410000,96.9723739624,spotify:track:0mtsdp7KKsK1gOrBm2pQUE,6,13,15,17,20,0
i dream about you,Yuka Honda,Eucademix,0.724219560623,0.275780409575,0.0242766514421,0.120196767151,0.05269614234570000,0.0482296310365,0.415054410696,0.180164262652,0.140484854579,0.0188972763717,0.163169935346,0.245843082666,0.08508700877430000,0.393587946892,0.112312041223,0.759577870369,0.24042211473,0.806204259396,0.193795755506,0.92711263895,97.0273666382,Not Found,6,13,15,17,20,0
My Little Girlfriend,Steve Appleton,When The Sun Comes Up,0.998376846313,0.0016231490299100000,0.00252255680971,0.13542252779,0.058228045702,0.0327015779912,0.384736418724,0.335811078548,0.0482882633805,0.0022895445581500000,0.140757575631,0.161081925035,0.23875425756,0.403860211372,0.0555460527539,0.951679289341,0.0483207255602,0.0428130254149,0.957186996937,0.837586522102,97.12696838380000,Not Found,6,13,15,18,20,0
Youre My Everything,The Temptations,The Ultimate Collection,0.232833370566,0.767166614532,0.0159518029541,0.0155339343473,0.0084831295535,0.0290092900395,0.459862232208,0.13456025719600000,0.334602028131,0.00199732044712,0.149054080248,0.259084135294,0.182803124189,0.336227089167,0.07283157855270000,0.994684636593,0.005315374583010000,0.0133259147406,0.986674070358,0.931641578674,97.4062423706,spotify:track:2imeCEVWpza2OheK2KoANa,6,13,15,18,20,1
My One Thing Thats Real,Ronan Keating,Destination,0.666549503803,0.333450496197,0.00202788459137,0.0117876967415,0.00792912673205,0.00920712389052,0.648772716522,0.041625238955,0.278235405684,0.0004147753352300000,0.182035088539,0.21287406981,0.223369941115,0.245272517204,0.13644836843,0.99373704195,0.006262936163690000,0.00914416462183,0.990855813026,0.906896114349,97.4680786133,spotify:track:72txQHMDZqTt9DGF0YVQ8F,6,13,15,18,20,0
Doctors Orders,Aretha Franklin & Luther Vandross,Jewels in the Crown: All-Star Duets With the Queen,0.999971449375,2.85660989903E-05,0.00408091396093,0.0615701116621,0.126776397228,0.0210720729083,0.546001017094,0.217437207699,0.0198370125145,0.003225275781010000,0.0936649888754,0.271521359682,0.17322908341900000,0.283119648695,0.178464904428,0.988096296787,0.0119037004188,0.0443747080863,0.955625295639,0.709618866444,97.5053787231,Not Found,6,13,15,18,20,0
Nothing at All,Kasey Chambers,Carnival,0.246290713549,0.7537093162540000,0.0148291569203,0.00607444532216,0.00257217395119,0.222309231758,0.448959261179,0.271622359753,0.0296371076256,0.0039962409064200000,0.128604546189,0.276002466679,0.284637033939,0.290586143732,0.020169807598,0.974487245083,0.0255127437413,0.690480053425,0.309519946575,0.956289768219,97.8231048584,spotify:track:6ebjNMinaXX3dy9sQPGfia,6,13,15,17,20,1
Stranger In A Strange Land,Joe South,Midnight Rainbows,0.455390691757,0.544609308243,0.030985889956400000,0.00924411043525,0.029950408265,0.0504993125796,0.380639016628,0.122805051506,0.372237354517,0.00363885029219,0.128812089562,0.206630215049,0.231017351151,0.30609074235,0.12744961679000000,0.990272223949,0.00972777511925,0.0325165651739,0.967483460903,0.8459968566890000,98.1965103149,Not Found,6,13,15,18,20,1
Fantasy Is Reality,Parliament,Gold,0.379400730133,0.620599269867,0.207723557949,0.0113544408232,0.0198461543769,0.152820616961,0.282469183207,0.18195989728,0.132908523083,0.0109176198021,0.0866038575768,0.238025575876,0.26000508666,0.271742165089,0.143623322248,0.999995648861,4.32332126366E-06,0.279782444239,0.7202175855640000,0.755732238293,98.7330551147,spotify:track:4UkZ5GM7Nxbny4lRZRE9wT,6,13,15,18,20,1
Ill Be There,S Club,7,0.938687384129,0.0613126084208,0.0033736668992800000,0.052330929786,0.0179045516998,0.00917143002152,0.5085103511810000,0.386152923107,0.0214669294655,0.00108920258936,0.0914321243763,0.266392767429,0.274141669273,0.309341609478,0.058691829443,0.999999940395,5.96442646383E-08,0.416567087173,0.583432912827,0.906206846237,98.86101531980000,spotify:track:62EuQBTB9mIkaqfKmp3Eqm,6,13,15,18,20,0
Dont Go Breaking My Heart,Atomic Kitten,Ladies Night,0.955958068371,0.0440419428051,0.00268422812223,0.140006184578,0.0739508494735,0.00572118116543,0.5737625360490000,0.184910744429,0.0143542503938,0.0046100388281,0.0977059602737,0.208615526557,0.218765377998,0.276885569096,0.198027580976,0.556836426258,0.44316354394,0.187961176038,0.812038838863,0.952284693718,98.983039856,spotify:track:1QD79G0COgJOApzadTLDBj,6,13,15,18,20,0
I Wont Say(Im In Love),Hercules / º£¿ËÁ¦Ë¹,Hercules,0.391112834215,0.608887135983,0.0100361919031,0.00258744438179,0.00234533520415,0.0049552759155600000,0.8813363313670000,0.02982249856,0.0682697668672,0.000647170818411,0.15055845677900000,0.324968665838,0.100285112858,0.325997412205,0.0981903374195,0.909859836102,0.0901401489973,0.0035474486649,0.996452569962,0.911392629147,99.0831222534,spotify:track:0PKmDncVOiNQLO6D1P6PXi,6,13,15,18,20,1
Search for the Hero (Us Remix by David Jam Hall),M People,Bizarre Fruit II,0.973372578621,0.0266274213791,0.0111150564626,0.223801195621,0.26351621747,0.0274054445326,0.287470012903,0.158312544227,0.0215615332127,0.00681800581515,0.0660113841295,0.208004295826,0.227687820792,0.344739824533,0.153556674719,0.920613348484,0.07938666641710000,0.202025681734,0.797974288464,0.6994011998180000,99.5031814575,Not Found,6,13,15,18,20,0
Lamb and the Lion,The Mae Shi,HLLLYH,0.592479765415,0.407520234585,0.027229078114,0.0122976517305,0.008063245564700000,0.0212767478079,0.617530941963,0.0507617555559,0.260209351778,0.0026312188711,0.049108020961300000,0.33108061552000000,0.136090129614,0.401255816221,0.0824654176831,0.979277253151,0.0207227636129,0.59014326334,0.409856706858,0.818164944649,99.6440887451,spotify:track:4uCMON4AN2n6JKm5LjrOkR,6,13,15,17,20,0
Pleasure,Al Jarreau,L Is for Lover,0.146103933454,0.8538960814480000,0.00854300241917,0.030363926664,0.0433000214398,0.0230472907424,0.653678834438,0.185250043869,0.0481857210398,0.00763117754832,0.09721693396570000,0.191405385733,0.224511444569,0.268182843924,0.218683391809,0.67802888155,0.321971148252,0.435874909163,0.564125061035,0.941423237324,99.7281494141,spotify:track:7bblmTszhO2shoxuMldSgM,6,13,15,18,20,1
Vanha koulukuva,Leevi and the Leavings,Musiikkiluokka,0.08541239798070000,0.91458761692,0.00424677506089,0.00828147213906,0.00261700036936,0.00246114493348,0.5608615875240000,0.031519118696500000,0.389619886875,0.000393029942643,0.132162600756,0.236953139305,0.269417107105,0.295198857784,0.0662682875991,0.665704488754,0.334295511246,0.0323225818574,0.967677414417,0.943558216095,99.8304901123,Not Found,6,13,15,18,20,1
Not Alone,Matt & Kim,New Glow,0.972023189068,0.0279767978936,0.00332909100689,0.141565829515,0.0365071371198,0.0106869116426,0.6912509799,0.0646032840014,0.0494679473341,0.00258878641762,0.110797710717,0.268165498972,0.06902302801610000,0.300787985325,0.25122576952,0.593746542931,0.406253486872,0.689777374268,0.310222655535,0.919132173061,99.8364105225,spotify:track:3EF2VstbPbRUDWpGmzWP7F,6,13,15,17,20,0
Rest Of Our Lives,Timomatic,Timomatic,0.998931229115,0.00106879032683,0.00329588865861,0.290462642908,0.0384012050927,0.005270497873430000,0.5217865109440000,0.125112101436,0.0145965749398,0.00107457733247,0.0844075009227,0.329067319632,0.121161743999,0.332348614931,0.13301481306600000,0.732863306999,0.267136693001,0.491799324751,0.5082006454470000,0.82453340292,99.85781860350000,Not Found,6,13,15,18,20,0
1 Thing (feat. Eve),Amerie,Touch,0.981904387474,0.0180956032127,0.0159400794655,0.0608940832317,0.353743463755,0.022351352497900000,0.366776943207,0.115419223905,0.0594107508659,0.005464113317430000,0.0853444859385,0.289061516523,0.06769622862340000,0.317375957966,0.240521803498,0.618149161339,0.381850868464,0.0163378939033,0.983662128448,0.939835786819,99.9141082764,spotify:track:7iWikZuAbA8XVjDWSN8iZu,6,13,15,18,20,0
Bottom of A Heart,Reneé Austin,Sweet Talk,0.291766136885,0.708233833313,0.00444838032126,0.00160027877428,0.0027594077400900000,0.0105363037437,0.8161645531650000,0.128326997161,0.0355705060065,0.00059358146973,0.0662833079696,0.256625115871,0.243520349264,0.330665767193,0.102905474603,0.945664644241,0.0543353781104,0.0054283789359,0.994571626186,0.817267119884,99.97283935550000,spotify:track:3k7nHK871WjDPOwT0jHAp4,6,13,15,18,20,1
Stuck in My Id,Reptar,Oblangle Fizz Yall,0.934074282646,0.0659257397056,0.0017924330895800000,0.034542459994600000,0.0265922043473,0.00440664030612,0.581635475159,0.0297908466309,0.320492655039,0.000747271231376,0.113400191069,0.16412733495200000,0.24247251451,0.259522438049,0.22047752142,0.987582027912,0.0124179823324,0.257551163435,0.7424488067630000,0.934367656708,99.97785949710000,spotify:track:6x1p8NLwIYd9PFaTU9LQON,6,13,15,18,20,0
Oasis,Jay Soto,Mesmerized,0.656310081482,0.343689918518,0.010526956059000000,0.0220420081168,0.0392427071929,0.209851339459,0.378368675709,0.310174196959,0.0212916452438,0.00850245263427,0.13178870081900000,0.269685089588,0.239802524447,0.305277854204,0.0534458085895,0.981234490871,0.0187655165792,0.849381744862,0.15061828494100000,0.912857413292,99.9872207642,spotify:track:6EL06oyQyXUHOsPXdMRdMC,6,13,15,17,20,0
You Cant Lose Me,O-Town,O2,0.7545983195300000,0.245401650667,0.00316342106089,0.00599908502772,0.004606381524350000,0.006967906374480000,0.700955450535,0.182082653046,0.09449937194590000,0.00172569835559,0.0716699883342,0.167224645615,0.227119773626,0.382895499468,0.151090100408,0.94045740366,0.0595425739884,0.0212500207126,0.978749990463,0.835157752037,100.09399414100000,spotify:track:5BHDp0MlIMLiD9CXh8yhu0,6,13,15,18,20,0
Suspicious Behaviour,Terje Rypdal,Crime Scene,0.996544063091,0.00345590850338,0.00805108901113,0.0331673435867,0.028123881667900000,0.0373880974948,0.556855499744,0.123687542975,0.207901671529,0.00482488889247,0.08919045329090000,0.152891129255,0.109413772821,0.379240423441,0.269264221191,0.662557244301,0.337442725897,0.949232876301,0.0507671311498,0.861042678356,100.30906677200000,spotify:track:4xcxvHxjioTXswT3sMfeT8,6,13,15,17,20,0
Cant Win for Losing,Eddie Bond,Memphis Rockabilly King,0.228033319116,0.7719666957860000,0.131744012237,0.0106951668859,0.0151533875614,0.0573651343584,0.333614915609,0.307512432337,0.121281184256,0.022633774206,0.08131437003610000,0.345977604389,0.195610865951,0.364451169968,0.0126459700987,0.890332758427,0.109667263925,0.00261659920216,0.997383415699,0.931476533413,100.973678589,spotify:track:6kkFmGxL5PwAhvyuYSLyVP,6,13,15,18,20,1
Zwijgen,Het Goede Doel,Het allerbeste van,0.588923871517,0.4110761582850000,0.0106281638145,0.0216159112751,0.04818770289420000,0.23828600347,0.345264852047,0.301052212715,0.0335504971445,0.0014146678149700000,0.11858305335,0.223498418927,0.267455220222,0.291136413813,0.0993268862367,0.997044146061,0.0029558378737400000,0.669916689396,0.33008331060400000,0.73834335804,101.00392913800000,spotify:track:7LEPY3OhVOv73FPzMnVPVP,6,13,15,17,20,0
Oh Boy! Medley (King Creole / TV Hop / Rockin Robin),Cliff Richard,The Rock n Roll Years,0.611399233341,0.388600736856,0.0364037789404,0.0211794395,0.051518253982100000,0.0704009905457,0.513167500496,0.147022664547,0.15534684062,0.0049605355598,0.08191075921060000,0.3675483763220000,0.0973286852241,0.414144396782,0.0390677675605,0.99208855629,0.007911443710330000,0.00906246434897,0.990937530994,0.947552323341,101.13356018100000,Not Found,6,13,15,18,20,0
Standing Still,Tea Leaf Green,Keeping The Faith,0.488539248705,0.511460721493,0.035844981670400000,0.00976084824651,0.0140104619786,0.0538020245731,0.426113605499,0.13549815118300000,0.31866014003800000,0.006309768650680000,0.106980912387,0.17227320373100000,0.29736012220400000,0.329015672207,0.0943701118231,0.999986290932,1.37321185321E-05,0.329462707043,0.670537292957,0.8912298083310000,101.47743225100000,spotify:track:4xqnunJPeFB04yXLyrZsU3,6,13,15,18,20,1
Too Much Aint Enough Love,Jimmy Barnes,Hits: Anthology,0.441293627024,0.5587064027790000,0.00843759160489,0.0116088083014,0.00623345887288,0.100699223578,0.5690248608590000,0.0542812943459,0.247938916087,0.0017758292378900000,0.16076728701600000,0.175043925643,0.208048611879,0.276053249836,0.180086925626,0.5858070850370000,0.41419288516,0.667709708214,0.332290261984,0.884624838829,101.65557861300000,spotify:track:41c0FBsKGWXqAnQC3ifyzw,6,13,15,17,20,1
Ein Tag wie ein Freund,Truck Stop,Starboulevard,0.370083034039,0.629916965961,0.0349890366197,0.015764337033,0.0111858993769,0.014915975742,0.395967692137,0.148932233453,0.37557014823,0.00267468835227,0.0957566946745,0.281241685152,0.26997333765000000,0.296762704849,0.056265588849800000,0.935461938381,0.06453804671760000,0.015021557919700000,0.984978437424,0.954009413719,101.92656707800000,spotify:track:3dyIRsAvL3wCrCnxSamtsN,6,13,15,18,20,1
Music is the dope.mp3,Arno,Ratata,0.978588163853,0.0214118249714,0.007309222593900000,0.0534653626382,0.0392400920391,0.0224459115416,0.568577468395,0.113468900323,0.187678322196,0.0078147482127,0.117071144283,0.30624294281,0.125073969364,0.3488282561300000,0.10278365761,0.69569760561,0.30430239439,0.07235886901620000,0.927641153336,0.92788785696,101.97023010300000,Not Found,6,13,15,18,20,0
Comet Halley,Stellardrone,Light Years,0.847370803356,0.152629181743,0.008351689204570000,0.0205180346966,0.0210963897407,0.0162384416908,0.795297861099,0.0478814356029,0.0874731764197,0.00314296619035,0.100292131305,0.190786898136,0.241566136479,0.257295459509,0.210059374571,0.903273940086,0.096726089716,0.999999880791,1.09462163778E-07,0.725347936153,102.001663208,spotify:track:6Bk7wGEuzD2eSXJfrSwGDJ,6,13,15,17,20,0
S Club Party (snippet),S Club 7,Two in a Million,0.972583293915,0.027416707947900000,0.00780308293179,0.034999396652000000,0.0217160694301,0.00507663749158,0.760647177696,0.066993445158,0.10183313489,0.000931030081119,0.122480414808,0.392474502325,0.034430492669300000,0.399969965219,0.05064462497830000,0.789581477642,0.210418522358,0.232180207968,0.7678198218350000,0.789639592171,102.068733215,Not Found,6,13,15,18,20,0
You Can Make It If You Try,The Rolling Stones,Englands Newest Hitmakers,0.353705942631,0.646294057369,0.100562408566,0.0158896818757,0.0269122794271,0.0795749425888,0.392656028271,0.274719178677,0.103731296957,0.00595418130979,0.07397005707030000,0.283318817616,0.231761962175,0.374208182096,0.0367409698665,0.988763689995,0.0112363183871,0.00219825352542,0.997801721096,0.823109924793,102.861465454,spotify:track:5ivIs5vwSj0RChOIvlY3On,6,13,15,18,20,1
The Taste of Your Tears,Danny Tate,Danny Tate,0.06885898858310000,0.931141018867,0.0134082352743,0.0104473587126,0.003995774313810000,0.00814129505306,0.42954030633,0.118158623576,0.415515989065,0.000792413484305,0.111560992897,0.167833417654,0.23075190186500000,0.279831081629,0.210022598505,0.8889746069910000,0.111025378108,0.0427312068641,0.957268774509,0.946791172028,102.974327087,Not Found,6,13,15,18,20,1
Goin On,The Beach Boys,Keepin the Summer Alive,0.138968110085,0.861031889915,0.026278341189,0.0905781537294,0.0320358388126,0.0768411755562,0.375395715237,0.32723388075800000,0.0627797022462,0.008857171051200000,0.17193883657500000,0.16579627990700000,0.209806397557,0.277344733477,0.175113752484,0.729944229126,0.270055741072,0.905191004276,0.0948089957237,0.766032457352,102.99243164100000,spotify:track:6bCRdroM3P50kDiswYECQh,6,13,15,17,20,1
Dont Turn Off the Lights,Enrique Iglesias,Escape,0.95077753067,0.0492224469781,0.00104434066452,0.0217361170799,0.0721973329782,0.00198534014635,0.7275848388670000,0.151174768806,0.023277727887,0.000999529729597,0.0761859416962,0.265984714031,0.255858242512,0.302705407143,0.0992656946182,0.982312440872,0.0176875293255,0.00027666130336000000,0.999723315239,0.811301469803,103.151702881,spotify:track:2wdX7seKD9pK35aZF3kMbY,6,13,15,18,20,0
Sydän syrjällään,Pate Mustajärvi,Miehen tie,0.8399645090100000,0.16003547608900000,0.00835254788399,0.0229881945997,0.0323893949389,0.186284318566,0.34181851148600000,0.339955151081,0.065395988524,0.00281590525992,0.138223290443,0.16596481204000000,0.273255378008,0.299619317055,0.122937187552,0.964816808701,0.0351831689477,0.0799119994044,0.920087993145,0.729788243771,103.248405457,Not Found,6,13,15,18,20,0
02-With U,±¦¶ù,±¦¶ù£ºÐÐ¶¯Ö÷Òå,0.99323952198,0.00676045566797,0.000209207675653,0.00483185844496,0.00292943441309,0.0030280943028600000,0.8680494427680000,0.118298016489,0.00253405584954,0.000119915894174,0.0971925929189,0.328326165676,0.158645123243,0.353662133217,0.0621739588678,0.957413136959,0.0425868518651,0.093669578433,0.906330406666,0.915255725384,103.73189544700000,Not Found,6,13,15,18,20,0
Letter From America,The Proclaimers,"The Best of 1980-1990, Volume 9",0.15800575912,0.841994225979,0.110365383327,0.0118223633617,0.020836206153,0.0911365300417,0.308140426874,0.171071663499,0.27928802371,0.0073394193314,0.0822628811002,0.160895064473,0.33905237913100000,0.34120002389,0.0765896439552,0.999999821186,1.91403415783E-07,0.06430711597200000,0.93569290638,0.34738546609900000,103.784606934,spotify:track:2AQZ89Q1ZZWsJNWwXZpLtY,6,13,15,18,20,1
Old Love Song,Eva Avila,Somewhere Else,0.998930513859,0.00106948998291,0.00115622335579,0.0386049412191,0.0223234333098,0.00655614817515,0.7289034128190000,0.196070849895,0.00553554249927,0.000849462521728,0.0829659327865,0.32369270920800000,0.126262873411,0.350165247917,0.116913221776,0.92137825489,0.078621737659,0.0847193151712,0.91528069973,0.905940294266,103.838935852,Not Found,6,13,15,18,20,0
Mal Bicho (feat. Los Fabulosos Cadillacs),Santana,Corazon (Deluxe Version),0.99473130703,0.00526871765032,0.00243355659768,0.0519657358527,0.023400420323,0.00573697593063,0.565588712692,0.0231661889702,0.326779931784,0.000928451423533,0.0784420743585,0.159991338849,0.16998131573200000,0.302698582411,0.2888866961,0.571871817112,0.42812821269,0.539720952511,0.460279017687,0.968532443047,103.926399231,spotify:track:6Oq6yvjYgK09M2Maj2NDQH,6,13,15,17,20,0
Fishin,Chief Keef,Nobody,0.965779542923,0.034220427274700000,0.004826389253140000,0.00260334601626,0.140844613314,0.00905402749777,0.560718417168,0.273156791925,0.0082219177857,0.000574469740968,0.040157917887,0.25313490629200000,0.268168240786,0.339700728655,0.09883822500710000,0.940014660358,0.0599853098392,0.00930446851999,0.990695536137,0.851746320724,103.97799682600000,spotify:track:3HCiuJiRXNp2FYBMHkuy8D,6,13,15,18,20,0
Into the Night,B.B. King,King of the Blues,0.836491584778,0.163508415222,0.0264147892594,0.012067288160300000,0.06973224878310000,0.240602836013,0.377886921167,0.17890375852600000,0.08906882256270000,0.00532333366573,0.111148677766,0.155963540077,0.219624832273,0.34607309103,0.167189866304,0.95026499033,0.049735024571400000,0.951594948769,0.048405077308400000,0.8930727839470000,103.98031616200000,spotify:track:4YfBwnYI3drAvwPbmKzilX,6,13,15,17,20,0
Tell Me Why,Spice Girls,Forever,0.997648179531,0.00235183374025,0.004158580675720000,0.0554284788668,0.366548389196,0.0211021192372,0.399858891964,0.138399228454,0.011468260549,0.0030360675882500000,0.0758936405182,0.197315335274,0.229772746563,0.254794239998,0.242224052548,0.975424349308,0.0245756637305,0.475508123636,0.5244919061660000,0.91751486063,103.996398926,spotify:track:0r5d5LmhLQwJVEw0kTEExp,6,13,15,18,20,0
To Know Him Is to Love Him,Marc Bolan &amp; T. Rex,20th Century Superstar,0.90374314785,0.0962568446994,0.00772077729926,0.162181168795,0.0153705645353,0.0149142881855,0.487692296505,0.055163923651,0.249158471823,0.00779850874096,0.197748601437,0.290534466505,0.0930644348264,0.318906128407,0.0997463837266,0.848256707191,0.15174327790700000,0.0019999819342,0.998000025749,0.953985929489,104.001693726,Not Found,6,13,15,18,20,0
Buzzin Remix,Mann,Now Thats What I Call R&B,0.999718129635,0.00028187857242300000,0.00162755139172,0.0562486611307,0.252408623695,0.0055861598812,0.6051324605940000,0.0457728914917,0.0320231020451,0.00120054499712,0.07316146790980000,0.242472246289,0.157139569521,0.385259002447,0.141967713833,0.9774534702300000,0.022546533495200000,0.582380890846,0.417619079351,0.911043643951,104.00928497300000,spotify:track:3BJ8SjJ2TeMxmTDPeC8yaZ,6,13,15,17,20,0
On My Cloud,Olly Murs,In Case You Didnt Know,0.471382200718,0.528617799282,0.000169826089405,0.006637141574170000,0.0020236002747,0.000292981072562,0.8702732324600000,0.00984782353044,0.110692553222,6.28435009276E-05,0.103327900171,0.182315051556,0.25923454761500000,0.363985061646,0.09113742411140000,0.600021719933,0.399978280067,0.00214116857387,0.997858822346,0.959860682487,104.04083252,spotify:track:7oUYVji9DvADHctxGSCJ4n,6,13,15,18,20,1
Into the Night,B.B. King,His Definitive Greatest Hits,0.981086075306,0.0189138967544,0.00592845026404,0.021305002272100000,0.08712477236990000,0.124251827598,0.5541571378710000,0.108628377318,0.096348464489,0.00225595734082,0.136722356081,0.15744133293600000,0.216663405299,0.276932269335,0.212240636349,0.934866666794,0.0651333481073,0.953664124012,0.0463358871639,0.945743858814,104.044242859,spotify:track:4YfBwnYI3drAvwPbmKzilX,6,13,15,17,20,0
Joanna,Kool & The Gang,The Very Best Of,0.231202170253,0.768797814846,0.014885282144,0.0564489737153,0.016277916729500000,0.0827713161707,0.467130064964,0.287038266659,0.06971266865730000,0.00573549838737,0.0945276618004,0.158428624272,0.303025960922,0.358980089426,0.0850376859307,1.0,2.20174847243E-08,0.658263385296,0.341736584902,0.892516076565,104.687843323,spotify:track:6edQfeOlqbGteYixpJl3Sm,6,13,15,17,20,1
Intervention Divine,Kaci,Im Not Anybodys Girl,0.546654880047,0.453345149755,0.00620382651687,0.011914037168,0.037404906004700000,0.035473711788700000,0.502686142921,0.398931831121,0.00582617288455,0.00155934225768,0.054388217628,0.187633320689,0.304698377848,0.358021914959,0.0952581688762,0.978541374207,0.0214586239308,0.252401441336,0.747598588467,0.3759868741040000,104.929748535,spotify:track:1PK5OUyyU9FEj4LFR7EZDE,6,13,15,18,20,0
Move Me,Screamin Jay Hawkins,Voodoo Jive: The Best Of Screamin Jay Hawkins,0.715467810631,0.284532159567,0.0674561113119,0.0201546177268,0.0248237308115,0.169484481215,0.31267651915600000,0.228659704328,0.156167194247,0.0205776188523,0.109439402819,0.363003492355,0.118155032396,0.370113611221,0.0392884798348,0.940481424332,0.0595185607672,0.0103888697922,0.989611148834,0.910119235516,104.973548889,spotify:track:7GG2T3imc8G3Erl9LZRAyV,6,13,15,18,20,0
Respiro Nel Blu,Eros Ramazzotti,Cuori Agitati,0.13809816539300000,0.861901819706,0.0923121273518,0.0275999121368,0.0271861497313,0.08457297086720000,0.466205000877,0.17420202493700000,0.116400197148,0.0115216253325,0.0543957091868,0.224187344313,0.2723262012,0.35768035054200000,0.0914103761315,1.0,1.06486544027E-08,0.043513953685800000,0.956486046314,0.8430736660960000,105.542907715,spotify:track:0EUJh5PA80WqyMwortb1SA,6,13,15,18,20,1
Meet Me at Marys Place,Sam Cooke,Portrait of a Legend 1951-1964,0.70291608572,0.297083884478,0.0271877702326,0.0287732798606,0.00944412592798,0.0392806529999,0.467741250992,0.3709166646,0.0468280427158,0.00982822477818,0.093790948391,0.287529826164,0.212269291282,0.365752786398,0.040657158941,0.996042370796,0.00395763991401,0.0012599892215800000,0.998740017414,0.917471408844,105.78414917,spotify:track:0jfGGQt27pU8q2FTwwdRKL,6,13,15,18,20,0
Tomorrow,Leo Sayer,Singles As & Bs (Disc 2),0.8285821080210000,0.171417891979,0.00391090428457,0.0117332544178,0.0123073831201,0.054129760712400000,0.553070902824,0.17464093864,0.188597619534,0.00160924787633,0.138385519385,0.197868794203,0.243258446455,0.259035021067,0.16145223379100000,0.914131045341,0.0858689397573,0.0185586530715,0.981441318989,0.927314698696,105.95392608600000,spotify:track:5pZRXiNvIWjtQCRgdRH1Zn,6,13,15,18,20,0
Callin Out My Name,Del Shannon,Rock On!,0.0931354612112,0.906864523888,0.109351396561,0.0263673812151,0.017111402005,0.0363057591021,0.381074726582,0.118516407907,0.306168615818,0.00510430708528,0.0841056331992,0.207080721855,0.284920215607,0.298928469419,0.124964974821,0.966450631618,0.0335493683815,0.044405162334400000,0.955594837666,0.934412240982,106.01319885300000,spotify:track:1JkO2UFibgiwqDHIhG6oUH,6,13,15,18,20,1
Boiling Water,little hurricane,Gold Fever,0.72698867321,0.27301129698800000,0.0124450149015,0.171421423554,0.0479615218937,0.0492968671024,0.386842697859,0.15746912360200000,0.162572741508,0.0119906049222,0.0969429016113,0.193036332726,0.262218207121,0.39148363471,0.05631892383100000,0.979000270367,0.020999725908,0.00846102461219,0.991539001465,0.901213347912,106.22681427,spotify:track:1HSouvYb6BeaIIbyOcgIXi,6,13,15,18,20,0
"Brian Song, Part 2",Monty Python,Monty Pythons Life of Brian,0.5187099576000000,0.4812900424,0.0283156298101,0.00606894027442,0.007946579717100000,0.042002823203800000,0.5244547128680000,0.235311061144,0.150561243296,0.0053390306420600000,0.0627579838037,0.248639389873,0.28597420454,0.359531342983,0.0430970750749,0.978749036789,0.0212509538978,0.0715121924877,0.928487837315,0.908052802086,106.369911194,Not Found,6,13,15,18,20,0
Talking to a Stranger,Rodney Crowell,Greatest Hits,0.509161293507,0.490838706493,0.00687740091234,0.0203564260155,0.017547816038100000,0.00981915090233,0.5121076107030000,0.268206804991,0.155260637403,0.00982412882149,0.121979191899,0.245795741677,0.28254917264,0.289282232523,0.06039365381,0.8596578240390000,0.14034217596100000,0.000272612262052,0.999727368355,0.958196699619,106.628669739,spotify:track:7goTUSFPi2jWofcOBwYJkw,6,13,15,18,20,0
The Greatest Wonder,Khymera,The Greatest Wonder,0.187134280801,0.8128657341,0.00296970549971,0.06375470757480000,0.0034373360686,0.0151701848954,0.689627170563,0.0379361137748,0.18595713377,0.00114765076432,0.144461289048,0.162709698081,0.171506598592,0.29444283247,0.22687959671,0.904887259007,0.0951127409935,0.455609321594,0.544390678406,0.877201139927,106.91358947800000,spotify:track:45L52hXUtl2oBJkGIWNaZl,6,13,15,18,20,1
Transistor,Scissor Sisters,Ta-Dah,0.6289963126180000,0.371003717184,0.0507730506361,0.0708772912621,0.0205803643912,0.031868543475900000,0.431493997574,0.130906149745,0.255055516958,0.00844511110336,0.102957271039,0.260693699121,0.158502936363,0.354180902243,0.123665206134,0.947774469852,0.0522255077958,0.23377750814,0.7662224769590000,0.8854917883870000,106.94039917,Not Found,6,13,15,18,20,0
Transistor,Scissor Sisters,Ta-Dah (bonus disc),0.663568556309,0.336431473494,0.0547424741089,0.0660554990172,0.0203440822661,0.0326919220388,0.384347558022,0.103939637542,0.328115463257,0.00976336374879,0.111327402294,0.263440817595,0.175198599696,0.3278863132,0.122146844864,0.962530016899,0.0374699980021,0.279785692692,0.7202143073080000,0.8915908932690000,106.945991516,Not Found,6,13,15,18,20,0
Could It Be Im Falling in Love,Donny Osmond,Somewhere in Time: Classic Love Songs,0.950524330139,0.0494756773114,0.00199283985421,0.006570768076930000,0.00136359292082,0.0507017783821,0.800443291664,0.111907109618,0.0264714285731,0.000549187476281,0.159378856421,0.251984268427,0.25076931715,0.274931699038,0.0629358515143,0.94919025898,0.050809726119,0.273505568504,0.726494431496,0.7208374738690000,107.02848053,spotify:track:7p5fz0cyUyRbR9edktOsjp,6,13,15,18,20,0
Lucky Day,Hunter Hunted,Ready for You,0.999927461147,7.25430218154E-05,0.00204082392156,0.29084700346000000,0.00901830010116,0.0029858131893,0.541624367237,0.0254650525749,0.12616892159,0.00184967950918,0.134210631251,0.230403915048,0.237841248512,0.29819896817200000,0.0993452370167,0.972471892834,0.027528129518,0.0619537904859,0.938046216965,0.952588140965,107.05648803700000,spotify:track:4FmxP236eZunoF0n4NEGml,6,13,15,18,20,0
Day By Day Or Never,Bobby Taylor & The Vancouvers,Bobby Taylor And The Vancouvers,0.794425368309,0.205574661493,0.022827420383700000,0.0226430334151,0.0615464895964,0.0347741469741,0.534599244595,0.238724574447,0.0772694125772,0.007615668699150000,0.0797028392553,0.235417827964,0.17790432274300000,0.381841748953,0.125133275986,0.973229885101,0.0267701223493,0.042958244681400000,0.957041740417,0.909124612808,107.07115936300000,spotify:track:1EVvl6JBCvpaxYFrlZn4oE,6,13,15,18,20,0
Radiator Man From Waco (1973),Merle Haggard,Hag: The Studio Recordings 1969-1976 (Disc4),0.5,0.5,0.0350416153669,0.00561871984974,0.0159275960177,0.046596467495,0.463236927986,0.384286731482,0.0412386506796,0.00805329531431,0.0582406707108,0.328055113554,0.12857618928,0.449432313442,0.0356957092881,0.994262456894,0.005737549159680000,0.0609658397734,0.939034163952,0.931398689747,107.094017029,Not Found,6,13,15,18,20,1
Standing on Higher Ground,James Brown,Love Over-due,0.777621209621,0.22237880528,0.0144307380542,0.00945448316634,0.0399044342339,0.0317410491407,0.576557457447,0.1734059304,0.152475193143,0.00203070300631,0.0690293163061,0.200198069215,0.138273060322,0.356433361769,0.23606620729,0.968015134335,0.0319848917425,0.209979385138,0.790020644665,0.957686722279,107.12121582,spotify:track:5KQXOVIfbtbJMTAJlegipM,6,13,15,18,20,0
Sample City,Boney M.,Eye Dance,0.422009587288,0.577990412712,0.0827616229653,0.130440965295,0.15005415678,0.0624611899257,0.230585083365,0.213652133942,0.110475026071,0.0195698216558,0.149886116385,0.268731743097,0.153585597873,0.29090654850000000,0.136889994144,0.930874526501,0.069125495851,0.25958585739100000,0.7404141426090000,0.867288649082,107.136390686,spotify:track:2VXWTHB1IOPQW3s5BEKTue,6,13,15,18,20,1
All About Our Love,The Radio Dept.,Passive Aggressive: Singles 2002-2010,0.7611977458,0.2388022542,0.0210511144251,0.00463652564213,0.0033231549896300000,0.00650407979265,0.493235707283,0.0261901728809,0.444483757019,0.000575509679038,0.049133621156200000,0.25677630305300000,0.210194796324,0.410985797644,0.0729095041752,0.995961546898,0.00403843866661,0.426439166069,0.573560833931,0.873613893986,107.181800842,spotify:track:16EcEp2hAwFX9ZzSsKmBKk,6,13,15,18,20,0
Laila,MISIA,Kiss In The Sky,0.92761951685,0.0723804831505,0.00714180106297,0.0736464634538,0.288163274527,0.0659297630191,0.38377520442,0.142623022199,0.0346985533834,0.00402192119509,0.0824309885502,0.177469283342,0.23359040916,0.28028690815,0.226222395897,0.8292927742,0.170707240701,0.964484572411,0.0355154164135,0.912576079369,107.96998596200000,spotify:track:7xXeVIyauivZHmdE2h4yEV,6,13,15,17,20,0
Tous les secrets,Céline Dion,On ne change pas,0.238643914461,0.761356115341,0.00412469822913,0.007289133965970000,0.00127506768331,0.014979866333300000,0.8322902321820000,0.0804836377501,0.058531653136,0.00102572632022,0.15766164660500000,0.206520676613,0.277974247932,0.310194432735,0.0476489700377,0.999997317791,2.67670793619E-06,0.17725495994100000,0.822745025158,0.891180157661,107.98358917200000,spotify:track:1Yxvw0a1buRpe6M9M4BRdE,6,13,15,18,20,1
Waterloo Sunset,The Kinks,You Really Got Me: The Very Best of The Kinks,0.914402782917,0.08559723943470000,0.006469148676840000,0.167836263776,0.017915399745100000,0.08751698583360000,0.397951811552,0.292965233326,0.0260865539312,0.00325858546421,0.131506457925,0.168732643127,0.271964758635,0.365787655115,0.0620084665716,0.955435693264,0.0445642955601,0.000565875787288,0.999434113503,0.864238679409,107.99920654300000,spotify:track:5nrmGFJ87crVoJF5xdRqwn,6,13,15,18,20,0
Your Love Is Stranger Than Mine,Camel,I Can See Your House From Here,0.329172760248,0.670827209949,0.0543606281281,0.197025462985,0.034288726747000000,0.129967436194,0.295068532228,0.186215028167,0.08772650361060000,0.0153476810083,0.192965596914,0.177753567696,0.229775995016,0.297193676233,0.10231115669,1.0,6.50089893028E-09,0.8279320597650000,0.172067925334,0.891126275063,108.28826904300000,spotify:track:670RwXNC3JN214j72IfpAd,6,13,15,17,20,1
Écran total,Dub Incorporation,Diversité,0.988671064377,0.011328919790700000,0.017109943553800000,0.0794243216515,0.061725396663,0.061671782285,0.501070141792,0.175048977137,0.0784167721868,0.0255326479673,0.09763905406,0.184196949005,0.156291335821,0.286663264036,0.27520942688,0.70910012722,0.29089984297800000,0.268826335669,0.7311736941340000,0.938810408115,108.31384277300000,spotify:track:04AA6JS9G4CQ9kZSqaKor1,6,13,15,18,20,0
Only You,Savage,"One Shot 80, Volume 10: DanceItalia",0.7937006354330000,0.206299394369,0.0136056998745,0.0638792812824,0.0324393585324,0.0363614186645,0.638403952122,0.17815567553,0.0348355621099,0.00231905560941,0.115400396287,0.241677418351,0.224350005388,0.36588254571,0.0526896230876,1.0,4.40920383538E-10,0.936183214188,0.06381675601010000,0.953223884106,108.395713806,spotify:track:2GMxS3x59raBvdX9SFNmtC,6,13,15,17,20,0
Like a Rolling Stone,The Turtles,It Aint Me Babe,0.490744948387,0.509255051613,0.050073780119400000,0.0265070907772,0.0466449558735,0.132390588522,0.35267496109,0.125120267272,0.261482089758,0.0051062623970200000,0.145038306713,0.236817136407,0.195383533835,0.340506404638,0.0822546035051,0.999997794628,2.21914251597E-06,0.3711537718770000,0.628846228123,0.7482953667640000,108.81943512,spotify:track:52PmJYTBYMUZkCWpy9M98z,6,13,15,18,20,1
I Fall for You,Fleming & John,The Way We Are,0.99024194479,0.0097580710426,0.00596550805494,0.0238617714494,0.07155583798890000,0.049693234264900000,0.507774233818,0.30216640234000000,0.0331429243088,0.00584008451551,0.0696074441075,0.216532185674,0.233046814799,0.378069341183,0.102744221687,0.959979832172,0.040020160377,0.11371318996,0.886286795139,0.8011336922650000,108.861457825,spotify:track:1X5ddm0B7E2rd7a5Bs1IgN,6,13,15,18,20,0
Consequences,The Robert Cray Band,Heavy Picks: The Robert Cray Band Collection,0.710430979729,0.289569020271,0.00710067618638,0.0184390265495,0.0542973093688,0.0663922727108,0.550285696983,0.182352080941,0.118139758706,0.0029932030011,0.0947832018137,0.165676638484,0.245286479592,0.25763794779800000,0.23661570251,0.950565457344,0.049434568733,0.154185459018,0.8458145260810000,0.944278240204,108.910339355,spotify:track:6Ezd5WFRjVXlJkCwmmPJPo,6,13,15,18,20,0
Heaven knows im miserble now,Act,"Laughter, Tears and RageThe Anthology",0.8616600632670000,0.138339966536,0.0276249218732,0.0331355929375,0.0259652025998,0.0341345407069,0.4918607771400000,0.302901804447,0.0759737044573,0.0084034409374,0.0581809170544,0.336765646935,0.110488131642,0.383098244667,0.111467048526,0.887397050858,0.112602926791,0.00861668214202,0.991383314133,0.889219999313,108.965934753,Not Found,6,13,15,18,20,0